Game,Day,Date,StartTime,LOG,EndTime,DayGame,Rank,CLI,Home,Attendance,Opp,TeamScore,OppScore,PointDiff,Win,Walkoff,Season,Streak,Rivalry,Mets,Braves
1,Monday,2014-03-31,14:05:00,216,17:41:00,1,1,0.96,1,49031,TEX,14,10,4,1,0,2014,1,0,0,0
2,Tuesday,2014-04-01,20:05:00,194,23:19:00,0,3,0.98,1,29530,TEX,2,3,-1,0,1,2014,-1,0,0,0
3,Wednesday,2014-04-02,20:05:00,182,23:07:00,0,4,0.88,1,28218,TEX,3,4,-1,0,1,2014,-2,0,0,0
4,Friday,2014-04-04,14:20:00,196,17:36:00,1,4,0.88,1,38283,CHC,7,2,5,1,0,2014,1,0,0,0
5,Saturday,2014-04-05,14:20:00,173,17:13:00,1,3,0.92,1,30651,CHC,2,0,2,1,0,2014,2,0,0,0
6,Sunday,2014-04-06,14:20:00,194,17:34:00,1,4,0.95,1,26712,CHC,3,8,-5,0,0,2014,-1,0,0,0
7,Tuesday,2014-04-08,15:05:00,212,18:37:00,1,4,0.98,0,45061,MIL,4,10,-6,0,0,2014,-2,0,0,0
8,Wednesday,2014-04-09,19:05:00,204,22:29:00,0,4,0.9,0,31168,MIL,4,9,-5,0,0,2014,-3,0,0,0
9,Thursday,2014-04-10,19:05:00,168,21:53:00,0,5,0.82,0,25492,MIL,2,6,-4,0,0,2014,-4,0,0,0
10,Friday,2014-04-11,19:05:00,195,22:20:00,0,4,0.89,0,22283,MIA,6,3,3,1,0,2014,1,0,0,0
11,Saturday,2014-04-12,19:05:00,209,22:34:00,0,3,0.93,0,27760,MIA,5,4,1,1,1,2014,2,0,0,0
12,Sunday,2014-04-13,13:35:00,192,16:47:00,1,3,0.97,0,34272,MIA,4,3,1,1,0,2014,3,0,0,0
13,Monday,2014-04-14,19:05:00,221,22:46:00,0,3,1.05,0,26516,ATL,6,9,-3,0,0,2014,-1,1,0,1
14,Wednesday,2014-04-16,19:05:00,149,21:34:00,0,4,1.05,0,23382,ATL,0,1,-1,0,0,2014,-2,1,0,1
15,Thursday,2014-04-17,13:05:00,148,15:33:00,1,4,0.95,0,25750,ATL,1,0,1,1,0,2014,1,1,0,1
16,Friday,2014-04-18,20:40:00,168,23:28:00,0,4,0.87,1,35705,COL,1,12,-11,0,0,2014,-1,0,0,0
17,Saturday,2014-04-19,20:10:00,143,22:33:00,0,5,0.81,1,31352,COL,1,3,-2,0,0,2014,-2,0,0,0
18,Sunday,2014-04-20,16:10:00,248,20:18:00,1,5,0.79,1,33563,COL,10,9,1,1,0,2014,1,0,0,0
19,Monday,2014-04-21,22:10:00,167,00:57:00,0,4,0.83,1,37715,LAD,7,0,7,1,0,2014,2,0,0,0
20,Tuesday,2014-04-22,22:10:00,216,01:46:00,0,3,0.89,1,44826,LAD,3,2,1,1,0,2014,3,0,0,0
21,Wednesday,2014-04-23,22:10:00,172,01:02:00,0,4,0.94,1,40776,LAD,2,5,-3,0,0,2014,-1,0,0,0
22,Thursday,2014-04-24,22:10:00,213,01:43:00,0,4,0.91,1,51699,LAD,7,3,4,1,0,2014,1,0,0,0
23,Friday,2014-04-25,21:40:00,201,01:01:00,0,4,0.96,1,28168,ARI,4,5,-1,0,0,2014,-1,0,0,0
24,Saturday,2014-04-26,20:10:00,185,23:15:00,0,4,0.85,1,35462,ARI,6,5,1,1,0,2014,1,0,0,0
25,Sunday,2014-04-27,16:10:00,157,18:47:00,1,4,0.9,1,30022,ARI,2,0,2,1,0,2014,2,0,0,0
26,Tuesday,2014-04-29,19:05:00,173,21:58:00,0,4,1.08,0,28189,NYM,1,6,-5,0,0,2014,-1,1,1,0
27,Friday,2014-05-02,19:05:00,191,22:16:00,0,5,1.03,0,31945,WSN,3,5,-2,0,0,2014,-2,0,0,0
28,Saturday,2014-05-03,19:05:00,177,22:02:00,0,4,1.01,0,33441,WSN,7,2,5,1,0,2014,1,0,0,0
29,Sunday,2014-05-04,15:05:00,165,17:50:00,1,4,1.1,0,37490,WSN,1,0,1,1,0,2014,2,0,0,0
30,Monday,2014-05-05,19:05:00,179,22:04:00,0,5,0.93,0,25275,TOR,0,3,-3,0,0,2014,-1,0,0,0
31,Tuesday,2014-05-06,19:05:00,186,22:11:00,0,5,0.89,0,26057,TOR,5,6,-1,0,0,2014,-2,0,0,0
32,Wednesday,2014-05-07,19:07:00,143,21:30:00,0,5,0.93,1,16446,TOR,0,10,-10,0,0,2014,-3,0,0,0
33,Thursday,2014-05-08,19:07:00,180,22:07:00,0,5,0.86,1,18158,TOR,6,12,-6,0,0,2014,-4,0,0,0
34,Friday,2014-05-09,19:10:00,279,23:49:00,0,4,0.86,1,30036,NYM,3,2,1,1,0,2014,1,1,1,0
35,Saturday,2014-05-10,19:10:00,196,22:26:00,0,4,0.95,1,29170,NYM,5,4,1,1,0,2014,2,1,1,0
36,Sunday,2014-05-11,13:10:00,262,17:32:00,1,4,1.04,1,28926,NYM,4,5,-1,0,1,2014,-1,1,1,0
37,Tuesday,2014-05-13,19:05:00,169,21:54:00,0,5,0.84,0,41959,LAA,3,4,-1,0,0,2014,-2,0,0,0
38,Wednesday,2014-05-14,13:05:00,188,16:13:00,1,5,0.82,0,33308,LAA,0,3,-3,0,0,2014,-3,0,0,0
39,Friday,2014-05-16,19:05:00,168,21:53:00,0,5,0.83,0,27316,CIN,0,3,-3,0,0,2014,-4,0,0,0
40,Saturday,2014-05-17,19:05:00,174,21:59:00,0,5,0.72,0,30075,CIN,12,1,11,1,0,2014,1,0,0,0
41,Sunday,2014-05-18,13:35:00,183,16:38:00,1,4,0.81,0,36096,CIN,8,3,5,1,0,2014,2,0,0,0
42,Tuesday,2014-05-20,19:10:00,210,22:40:00,0,4,0.96,1,18699,MIA,6,5,1,1,0,2014,3,0,0,0
43,Wednesday,2014-05-21,19:10:00,219,22:49:00,0,4,0.99,1,18257,MIA,5,14,-9,0,0,2014,-1,0,0,0
44,Thursday,2014-05-22,12:40:00,166,15:26:00,1,4,1.03,1,25507,MIA,3,4,-1,0,1,2014,-2,0,0,0
45,Friday,2014-05-23,19:05:00,195,22:20:00,0,5,0.83,0,27254,LAD,0,2,-2,0,0,2014,-3,0,0,0
46,Saturday,2014-05-24,15:05:00,157,17:42:00,1,4,0.73,0,32287,LAD,5,3,2,1,0,2014,1,0,0,0
47,Sunday,2014-05-25,13:35:00,157,16:12:00,1,4,0.84,0,36141,LAD,0,6,-6,0,0,2014,-1,0,0,0
48,Monday,2014-05-26,17:05:00,186,20:11:00,0,4,0.74,0,27289,COL,9,0,9,1,0,2014,1,0,0,0
49,Tuesday,2014-05-27,19:05:00,201,22:26:00,0,4,0.83,0,23159,COL,2,6,-4,0,0,2014,-1,0,0,0
50,Wednesday,2014-05-28,19:05:00,226,22:51:00,0,4,0.77,0,23691,COL,6,3,3,1,1,2014,1,0,0,0
51,Thursday,2014-05-29,19:05:00,175,22:00:00,0,5,0.89,0,26668,NYM,1,4,-3,0,0,2014,-1,1,1,0
52,Friday,2014-05-30,19:05:00,323,00:28:00,0,4,0.85,0,30236,NYM,6,5,1,1,1,2014,1,1,1,0
53,Saturday,2014-05-31,15:05:00,332,20:37:00,1,5,0.92,0,37516,NYM,4,5,-1,0,0,2014,-1,1,1,0
54,Sunday,2014-06-01,13:35:00,209,17:04:00,1,5,0.82,0,36039,NYM,3,4,-1,0,0,2014,-2,1,1,0
55,Monday,2014-06-02,19:05:00,197,22:22:00,0,5,0.72,0,26302,NYM,2,11,-9,0,0,2014,-3,1,1,0
56,Tuesday,2014-06-03,19:05:00,162,21:47:00,0,5,0.68,1,25291,WSN,0,7,-7,0,0,2014,-4,0,0,0
57,Wednesday,2014-06-04,19:05:00,180,22:05:00,0,5,0.57,1,33614,WSN,4,8,-4,0,0,2014,-5,0,0,0
58,Thursday,2014-06-05,16:05:00,158,18:43:00,1,5,0.58,1,33016,WSN,2,4,-2,0,0,2014,-6,0,0,0
59,Friday,2014-06-06,19:10:00,198,22:28:00,0,5,0.42,1,38331,CIN,8,0,8,1,0,2014,1,0,0,0
60,Saturday,2014-06-07,16:10:00,176,19:06:00,1,5,0.48,1,36347,CIN,5,6,-1,0,0,2014,-1,0,0,0
61,Sunday,2014-06-08,13:10:00,160,15:50:00,1,5,0.41,1,30222,CIN,1,4,-3,0,0,2014,-2,0,0,0
62,Tuesday,2014-06-10,19:05:00,160,21:45:00,0,5,0.37,0,31037,SDP,5,2,3,1,0,2014,1,0,0,0
63,Wednesday,2014-06-11,19:05:00,175,22:00:00,0,5,0.37,0,25398,SDP,3,0,3,1,1,2014,2,0,0,0
64,Thursday,2014-06-12,13:05:00,185,16:10:00,1,4,0.43,0,29372,SDP,7,3,4,1,0,2014,3,0,0,0
65,Friday,2014-06-13,19:05:00,171,21:56:00,0,5,0.52,0,26154,CHC,1,2,-1,0,0,2014,-1,0,0,0
66,Saturday,2014-06-14,15:05:00,184,18:09:00,1,4,0.44,0,31524,CHC,7,4,3,1,0,2014,1,0,0,0
67,Sunday,2014-06-15,13:35:00,155,16:10:00,1,5,0.54,0,41238,CHC,0,3,-3,0,0,2014,-1,0,0,0
68,Monday,2014-06-16,19:10:00,287,23:57:00,0,4,0.53,1,23900,ATL,6,1,5,1,0,2014,1,1,0,1
69,Tuesday,2014-06-17,19:10:00,185,22:15:00,0,4,0.67,1,41631,ATL,5,2,3,1,0,2014,2,1,0,1
70,Wednesday,2014-06-18,12:10:00,212,15:42:00,1,4,0.72,1,28500,ATL,10,5,5,1,0,2014,3,1,0,1
71,Thursday,2014-06-19,20:15:00,168,23:03:00,0,4,0.71,1,42106,STL,4,1,3,1,0,2014,4,0,0,0
72,Friday,2014-06-20,20:15:00,168,23:03:00,0,4,0.83,1,44061,STL,5,1,4,1,0,2014,5,0,0,0
73,Saturday,2014-06-21,16:10:00,168,18:58:00,1,4,0.92,1,44789,STL,1,4,-3,0,0,2014,-1,0,0,0
74,Sunday,2014-06-22,14:15:00,174,17:09:00,1,4,0.84,1,43484,STL,3,5,-2,0,0,2014,-2,0,0,0
75,Monday,2014-06-23,19:05:00,194,22:19:00,0,5,0.84,0,32161,MIA,0,4,-4,0,0,2014,-3,0,0,0
76,Tuesday,2014-06-24,19:05:00,195,22:20:00,0,5,0.71,0,24860,MIA,7,4,3,1,0,2014,1,0,0,0
77,Wednesday,2014-06-25,19:05:00,173,21:58:00,0,5,0.78,0,23360,MIA,2,3,-1,0,0,2014,-1,0,0,0
78,Thursday,2014-06-26,19:05:00,281,23:46:00,0,4,0.61,0,34168,MIA,5,3,2,1,1,2014,1,0,0,0
79,Friday,2014-06-27,19:05:00,191,22:16:00,0,4,0.77,0,38100,ATL,2,4,-2,0,0,2014,-1,1,0,1
80,Saturday,2014-06-28,14:05:00,188,17:13:00,1,5,0.72,0,28845,ATL,3,10,-7,0,0,2014,-2,1,0,1
81,Saturday,2014-06-28,19:05:00,189,22:14:00,0,5,0.56,0,30845,ATL,1,5,-4,0,0,2014,-3,1,0,1
82,Sunday,2014-06-29,13:35:00,186,16:41:00,1,5,0.48,0,33215,ATL,2,3,-1,0,0,2014,-4,1,0,1
83,Tuesday,2014-07-01,19:10:00,217,22:47:00,0,5,0.3,1,18518,MIA,4,5,-1,0,1,2014,-5,0,0,0
84,Wednesday,2014-07-02,19:10:00,191,22:21:00,0,5,0.24,1,20084,MIA,0,5,-5,0,0,2014,-6,0,0,0
85,Thursday,2014-07-03,18:10:00,192,21:22:00,0,4,0.18,1,24915,MIA,5,4,1,1,0,2014,1,0,0,0
86,Friday,2014-07-04,17:05:00,193,20:18:00,0,5,0.23,1,38977,PIT,2,8,-6,0,0,2014,-1,0,0,0
87,Saturday,2014-07-05,16:05:00,160,18:45:00,1,5,0.18,1,37821,PIT,2,3,-1,0,0,2014,-2,0,0,0
88,Sunday,2014-07-06,13:35:00,163,16:18:00,1,5,0.13,1,33408,PIT,2,6,-4,0,0,2014,-3,0,0,0
89,Monday,2014-07-07,20:10:00,205,23:35:00,0,5,0.09,1,28080,MIL,3,2,1,1,0,2014,1,0,0,0
90,Tuesday,2014-07-08,20:10:00,204,23:34:00,0,5,0.12,1,26126,MIL,9,7,2,1,0,2014,2,0,0,0
91,Wednesday,2014-07-09,20:10:00,135,22:25:00,0,5,0.16,1,26480,MIL,4,1,3,1,0,2014,3,0,0,0
92,Thursday,2014-07-10,14:10:00,186,17:16:00,1,5,0.23,1,36394,MIL,9,1,8,1,0,2014,4,0,0,0
93,Friday,2014-07-11,19:05:00,164,21:49:00,0,5,0.29,0,30094,WSN,6,2,4,1,0,2014,5,0,0,0
94,Saturday,2014-07-12,19:15:00,243,23:18:00,0,5,0.41,0,32072,WSN,3,5,-2,0,0,2014,-1,0,0,0
95,Sunday,2014-07-13,13:35:00,183,16:38:00,1,5,0.28,0,30185,WSN,3,10,-7,0,0,2014,-2,0,0,0
96,Friday,2014-07-18,19:35:00,165,22:20:00,0,5,0.19,1,39747,ATL,4,6,-2,0,0,2014,-3,1,0,1
97,Saturday,2014-07-19,19:10:00,177,22:07:00,0,5,0.15,1,38602,ATL,2,1,1,1,0,2014,1,1,0,1
98,Sunday,2014-07-20,13:35:00,164,16:19:00,1,5,0.2,1,24859,ATL,2,8,-6,0,0,2014,-1,1,0,1
99,Monday,2014-07-21,19:05:00,208,22:33:00,0,5,0.11,0,27334,SFG,4,7,-3,0,0,2014,-2,0,0,0
100,Tuesday,2014-07-22,19:05:00,346,00:51:00,0,5,0.09,0,30109,SFG,6,9,-3,0,0,2014,-3,0,0,0
101,Wednesday,2014-07-23,19:05:00,182,22:07:00,0,5,0.05,0,28648,SFG,1,3,-2,0,0,2014,-4,0,0,0
102,Thursday,2014-07-24,13:05:00,166,15:51:00,1,5,0.05,0,33258,SFG,2,1,1,1,0,2014,1,0,0,0
103,Friday,2014-07-25,19:05:00,203,22:28:00,0,5,0.05,0,25698,ARI,9,5,4,1,0,2014,2,0,0,0
104,Saturday,2014-07-26,19:05:00,260,23:25:00,0,5,0.06,0,29097,ARI,6,10,-4,0,0,2014,-1,0,0,0
105,Sunday,2014-07-27,13:35:00,150,16:05:00,1,5,0.05,0,31514,ARI,4,2,2,1,0,2014,1,0,0,0
106,Monday,2014-07-28,19:10:00,174,22:04:00,0,5,0.06,1,26525,NYM,1,7,-6,0,0,2014,-1,1,1,0
107,Tuesday,2014-07-29,19:10:00,156,21:46:00,0,5,0.04,1,27069,NYM,6,0,6,1,0,2014,1,1,1,0
108,Wednesday,2014-07-30,12:10:00,208,15:38:00,1,5,0.07,1,37647,NYM,2,11,-9,0,0,2014,-1,1,1,0
109,Thursday,2014-07-31,19:05:00,211,22:36:00,0,5,0.05,1,35722,WSN,10,4,6,1,0,2014,1,0,0,0
110,Friday,2014-08-01,19:05:00,148,21:33:00,0,5,0.08,1,28410,WSN,2,1,1,1,0,2014,2,0,0,0
111,Saturday,2014-08-02,19:05:00,199,22:24:00,0,5,0.11,1,36155,WSN,0,11,-11,0,0,2014,-1,0,0,0
112,Sunday,2014-08-03,13:35:00,167,16:22:00,1,5,0.09,1,30038,WSN,0,4,-4,0,0,2014,-2,0,0,0
113,Tuesday,2014-08-05,19:05:00,305,00:10:00,0,5,0.05,0,28336,HOU,2,1,1,1,1,2014,1,0,0,0
114,Wednesday,2014-08-06,19:05:00,165,21:50:00,0,5,0.07,0,26691,HOU,10,3,7,1,0,2014,2,0,0,0
115,Thursday,2014-08-07,19:05:00,167,21:52:00,0,5,0.08,0,26609,HOU,6,5,1,1,0,2014,3,0,0,0
116,Friday,2014-08-08,19:05:00,171,21:56:00,0,5,0.09,0,32307,NYM,4,5,-1,0,0,2014,-1,1,1,0
117,Saturday,2014-08-09,19:05:00,221,22:46:00,0,5,0.06,0,39153,NYM,1,2,-1,0,0,2014,-2,1,1,0
118,Sunday,2014-08-10,13:35:00,194,16:49:00,1,5,0.05,0,31061,NYM,7,6,1,1,1,2014,1,1,1,0
119,Monday,2014-08-11,13:05:00,168,15:53:00,1,5,0.08,0,26076,NYM,3,5,-2,0,0,2014,-1,1,1,0
120,Tuesday,2014-08-12,22:05:00,176,01:01:00,0,5,0.04,1,37296,LAA,2,7,-5,0,0,2014,-2,0,0,0
121,Wednesday,2014-08-13,22:05:00,171,00:56:00,0,5,0.02,1,38802,LAA,3,4,-1,0,0,2014,-3,0,0,0
122,Friday,2014-08-15,22:15:00,216,01:51:00,0,5,0.02,1,41425,SFG,5,3,2,1,0,2014,1,0,0,0
123,Saturday,2014-08-16,16:05:00,214,19:39:00,1,5,0.02,1,41907,SFG,5,6,-1,0,0,2014,-1,0,0,0
124,Sunday,2014-08-17,16:05:00,177,19:02:00,1,5,0.01,1,41851,SFG,2,5,-3,0,0,2014,-2,0,0,0
125,Monday,2014-08-18,19:05:00,172,21:57:00,0,5,0.0,0,28102,SEA,4,1,3,1,0,2014,1,0,0,0
126,Tuesday,2014-08-19,19:05:00,186,22:11:00,0,5,0.01,0,31592,SEA,2,5,-3,0,0,2014,-1,0,0,0
127,Wednesday,2014-08-20,13:05:00,180,16:05:00,1,5,0.0,0,25157,SEA,4,3,1,1,0,2014,1,0,0,0
128,Friday,2014-08-22,19:05:00,168,21:53:00,0,5,0.0,0,28366,STL,5,4,1,1,0,2014,2,0,0,0
129,Saturday,2014-08-23,19:05:00,293,23:58:00,0,5,0.01,0,30352,STL,5,6,-1,0,0,2014,-1,0,0,0
130,Sunday,2014-08-24,13:35:00,153,16:08:00,1,5,0.0,0,30580,STL,7,1,6,1,0,2014,1,0,0,0
131,Monday,2014-08-25,19:05:00,166,21:51:00,0,5,0.0,0,23089,WSN,3,2,1,1,0,2014,2,0,0,0
132,Tuesday,2014-08-26,19:05:00,144,21:29:00,0,5,0.0,0,25238,WSN,4,3,1,1,0,2014,3,0,0,0
133,Wednesday,2014-08-27,19:05:00,184,22:09:00,0,5,0.01,0,33183,WSN,8,4,4,1,0,2014,4,0,0,0
134,Friday,2014-08-29,19:10:00,151,21:41:00,0,5,0.01,1,25250,NYM,1,4,-3,0,0,2014,-1,1,1,0
135,Saturday,2014-08-30,19:10:00,178,22:08:00,0,5,0.0,1,28053,NYM,7,2,5,1,0,2014,1,1,1,0
136,Sunday,2014-08-31,13:10:00,194,16:24:00,1,5,0.01,1,27159,NYM,5,6,-1,0,0,2014,-1,1,1,0
137,Monday,2014-09-01,13:10:00,190,16:20:00,1,5,0.0,1,34178,ATL,7,0,7,1,0,2014,1,1,0,1
138,Tuesday,2014-09-02,19:10:00,177,22:07:00,0,5,0.0,1,19444,ATL,4,0,4,1,0,2014,2,1,0,1
139,Wednesday,2014-09-03,12:10:00,188,15:18:00,1,5,0.01,1,19724,ATL,4,7,-3,0,0,2014,-1,1,0,1
140,Friday,2014-09-05,19:05:00,272,23:37:00,0,5,0.0,1,27437,WSN,9,8,1,1,0,2014,1,0,0,0
141,Saturday,2014-09-06,16:05:00,153,18:38:00,1,5,0.01,1,37408,WSN,3,1,2,1,0,2014,2,0,0,0
142,Sunday,2014-09-07,13:35:00,200,16:55:00,1,5,0.01,1,29108,WSN,2,3,-1,0,0,2014,-1,0,0,0
143,Monday,2014-09-08,19:05:00,188,22:13:00,0,5,0.01,0,23140,PIT,4,6,-2,0,0,2014,-2,0,0,0
144,Tuesday,2014-09-09,19:05:00,176,22:01:00,0,5,0.0,0,26900,PIT,4,3,1,1,0,2014,1,0,0,0
145,Wednesday,2014-09-10,19:05:00,188,22:13:00,0,5,0.01,0,25315,PIT,3,6,-3,0,0,2014,-1,0,0,0
146,Thursday,2014-09-11,19:05:00,189,22:14:00,0,5,0.0,0,26535,PIT,1,4,-3,0,0,2014,-2,0,0,0
147,Friday,2014-09-12,19:05:00,182,22:07:00,0,5,0.0,0,27039,MIA,3,1,2,1,1,2014,1,0,0,0
148,Saturday,2014-09-13,19:05:00,153,21:38:00,0,5,0.0,0,26163,MIA,2,1,1,1,0,2014,2,0,0,0
149,Sunday,2014-09-14,13:35:00,200,16:55:00,1,5,0.0,0,30201,MIA,4,5,-1,0,0,2014,-1,0,0,0
150,Monday,2014-09-15,22:10:00,129,00:19:00,0,5,0.0,1,17558,SDP,0,1,-1,0,0,2014,-2,0,0,0
151,Tuesday,2014-09-16,22:10:00,191,01:21:00,0,5,0.0,1,24541,SDP,4,5,-1,0,0,2014,-3,0,0,0
152,Wednesday,2014-09-17,22:10:00,170,01:00:00,0,5,0.0,1,17311,SDP,5,2,3,1,0,2014,1,0,0,0
153,Thursday,2014-09-18,21:10:00,182,00:12:00,0,5,0.0,1,18076,SDP,3,7,-4,0,0,2014,-1,0,0,0
154,Friday,2014-09-19,21:35:00,176,00:31:00,0,5,0.0,1,35067,OAK,1,3,-2,0,0,2014,-2,0,0,0
155,Saturday,2014-09-20,16:05:00,179,19:04:00,1,5,0.0,1,31848,OAK,3,0,3,1,0,2014,1,0,0,0
156,Sunday,2014-09-21,16:05:00,228,19:53:00,1,5,0.0,1,25126,OAK,6,8,-2,0,1,2014,-1,0,0,0
157,Tuesday,2014-09-23,19:10:00,140,21:30:00,0,5,0.0,1,18969,MIA,0,2,-2,0,0,2014,-2,0,0,0
158,Wednesday,2014-09-24,19:10:00,174,22:04:00,0,5,0.0,1,22491,MIA,2,1,1,1,0,2014,1,0,0,0
159,Thursday,2014-09-25,16:10:00,181,19:11:00,1,5,0.0,1,24259,MIA,4,6,-2,0,0,2014,-1,0,0,0
160,Friday,2014-09-26,19:05:00,161,21:46:00,0,5,0.0,0,33121,ATL,5,4,1,1,0,2014,1,1,0,1
161,Saturday,2014-09-27,19:05:00,185,22:10:00,0,5,0.0,0,33761,ATL,2,4,-2,0,0,2014,-1,1,0,1
162,Sunday,2014-09-28,13:35:00,138,15:53:00,1,5,0.0,0,38082,ATL,1,2,-1,0,0,2014,-2,1,0,1
1,Monday,2015-04-06,15:05:00,181,18:06:00,1,3,0.88,0,45549,BOS,0,8,-8,0,0,2015,-1,0,0,0
2,Wednesday,2015-04-08,19:05:00,174,21:59:00,0,2,0.88,0,26465,BOS,4,2,2,1,0,2015,1,0,0,0
3,Thursday,2015-04-09,19:05:00,188,22:13:00,0,3,0.89,0,23418,BOS,2,6,-4,0,0,2015,-1,0,0,0
4,Friday,2015-04-10,19:05:00,150,21:35:00,0,2,1.01,0,19047,WSN,4,1,3,1,0,2015,1,0,0,0
5,Saturday,2015-04-11,19:05:00,205,22:30:00,0,2,1.02,0,23740,WSN,3,2,1,1,1,2015,2,0,0,0
6,Sunday,2015-04-12,13:35:00,199,16:54:00,1,2,1.05,0,30094,WSN,3,4,-1,0,0,2015,-1,0,0,0
7,Monday,2015-04-13,13:10:00,173,16:03:00,1,3,1.1,1,43947,NYM,0,2,-2,0,0,2015,-2,1,1,0
8,Tuesday,2015-04-14,19:10:00,192,22:22:00,0,3,1.06,1,39489,NYM,5,6,-1,0,0,2015,-3,1,1,0
9,Wednesday,2015-04-15,19:10:00,156,21:46:00,0,3,1.0,1,21052,NYM,1,6,-5,0,0,2015,-4,1,1,0
10,Thursday,2015-04-16,19:05:00,136,21:21:00,0,4,0.89,1,24768,WSN,2,5,-3,0,0,2015,-5,0,0,0
11,Friday,2015-04-17,19:05:00,158,21:43:00,0,4,0.84,1,31608,WSN,2,7,-5,0,0,2015,-6,0,0,0
12,Saturday,2015-04-18,13:05:00,176,16:01:00,1,4,0.77,1,35330,WSN,5,3,2,1,0,2015,1,0,0,0
13,Sunday,2015-04-19,13:35:00,160,16:15:00,1,4,0.85,1,36631,WSN,1,4,-3,0,0,2015,-1,0,0,0
14,Tuesday,2015-04-21,19:05:00,149,21:34:00,0,4,0.74,0,21993,MIA,7,3,4,1,0,2015,1,0,0,0
15,Wednesday,2015-04-22,19:05:00,175,22:00:00,0,4,0.78,0,23417,MIA,1,6,-5,0,0,2015,-1,0,0,0
16,Thursday,2015-04-23,13:05:00,172,15:57:00,1,4,0.66,0,17097,MIA,1,9,-8,0,0,2015,-2,0,0,0
17,Friday,2015-04-24,19:05:00,154,21:39:00,0,4,0.73,0,21164,ATL,1,0,1,1,1,2015,1,1,0,1
18,Saturday,2015-04-25,19:05:00,147,21:32:00,0,5,0.75,0,24748,ATL,2,5,-3,0,0,2015,-1,1,0,1
19,Sunday,2015-04-26,13:35:00,158,16:13:00,1,4,0.67,0,28702,ATL,5,4,1,1,0,2015,1,1,0,1
20,Monday,2015-04-27,20:15:00,152,22:47:00,0,3,0.7,1,40052,STL,4,1,3,1,0,2015,2,0,0,0
21,Tuesday,2015-04-28,20:15:00,178,23:13:00,0,4,0.72,1,40143,STL,5,11,-6,0,0,2015,-1,0,0,0
22,Wednesday,2015-04-29,20:15:00,158,22:53:00,0,5,0.67,1,40399,STL,2,5,-3,0,0,2015,-2,0,0,0
23,Thursday,2015-04-30,13:45:00,175,16:40:00,1,5,0.65,1,40715,STL,3,9,-6,0,0,2015,-3,0,0,0
24,Friday,2015-05-01,19:10:00,177,22:07:00,0,5,0.65,1,18511,MIA,3,4,-1,0,1,2015,-4,0,0,0
25,Saturday,2015-05-02,16:10:00,158,18:48:00,1,5,0.63,1,33348,MIA,0,7,-7,0,0,2015,-5,0,0,0
26,Sunday,2015-05-03,13:10:00,165,15:55:00,1,5,0.57,1,20461,MIA,6,2,4,1,0,2015,1,0,0,0
27,Monday,2015-05-04,19:10:00,188,22:18:00,0,5,0.64,1,17293,ATL,5,2,3,1,0,2015,2,1,0,1
28,Tuesday,2015-05-05,19:10:00,143,21:33:00,0,5,0.72,1,14451,ATL,0,9,-9,0,0,2015,-1,1,0,1
29,Wednesday,2015-05-06,19:10:00,187,22:17:00,0,5,0.62,1,17772,ATL,5,7,-2,0,0,2015,-2,1,0,1
30,Friday,2015-05-08,19:05:00,147,21:32:00,0,5,0.59,0,32734,NYM,3,1,2,1,0,2015,1,1,1,0
31,Saturday,2015-05-09,19:05:00,164,21:49:00,0,5,0.65,0,29373,NYM,2,3,-1,0,0,2015,-1,1,1,0
32,Sunday,2015-05-10,13:35:00,177,16:32:00,1,5,0.54,0,27935,NYM,4,7,-3,0,0,2015,-2,1,1,0
33,Monday,2015-05-11,19:05:00,175,22:00:00,0,5,0.42,0,21358,PIT,3,4,-1,0,0,2015,-3,0,0,0
34,Tuesday,2015-05-12,19:05:00,169,21:54:00,0,5,0.37,0,20393,PIT,2,7,-5,0,0,2015,-4,0,0,0
35,Wednesday,2015-05-13,19:05:00,157,21:42:00,0,5,0.34,0,29576,PIT,3,2,1,1,0,2015,1,0,0,0
36,Thursday,2015-05-14,13:05:00,160,15:45:00,1,5,0.38,0,29205,PIT,4,2,2,1,0,2015,2,0,0,0
37,Friday,2015-05-15,19:05:00,185,22:10:00,0,5,0.44,0,21383,ARI,4,3,1,1,0,2015,3,0,0,0
38,Saturday,2015-05-16,19:05:00,194,22:19:00,0,5,0.48,0,33649,ARI,7,5,2,1,0,2015,4,0,0,0
39,Sunday,2015-05-17,13:35:00,172,16:27:00,1,5,0.53,0,22123,ARI,6,0,6,1,0,2015,5,0,0,0
40,Monday,2015-05-18,20:40:00,194,23:54:00,0,4,0.54,1,24061,COL,4,3,1,1,0,2015,6,0,0,0
41,Tuesday,2015-05-19,20:40:00,174,23:34:00,0,4,0.63,1,21249,COL,5,6,-1,0,0,2015,-1,0,0,0
42,Wednesday,2015-05-20,20:40:00,170,23:30:00,0,4,0.6,1,21714,COL,4,2,2,1,0,2015,1,0,0,0
43,Thursday,2015-05-21,15:10:00,195,18:25:00,1,4,0.61,1,25418,COL,3,7,-4,0,0,2015,-1,0,0,0
44,Friday,2015-05-22,19:05:00,155,21:40:00,0,4,0.66,1,35893,WSN,1,2,-1,0,0,2015,-2,0,0,0
45,Saturday,2015-05-23,16:05:00,153,18:38:00,1,4,0.61,1,41722,WSN,8,1,7,1,0,2015,1,0,0,0
46,Sunday,2015-05-24,13:35:00,165,16:20:00,1,4,0.68,1,41044,WSN,1,4,-3,0,0,2015,-1,0,0,0
47,Monday,2015-05-25,13:10:00,187,16:17:00,1,4,0.62,1,30946,NYM,3,6,-3,0,0,2015,-2,1,1,0
48,Tuesday,2015-05-26,19:10:00,197,22:27:00,0,4,0.5,1,21064,NYM,4,5,-1,0,1,2015,-3,1,1,0
49,Wednesday,2015-05-27,13:10:00,161,15:51:00,1,4,0.48,1,24406,NYM,0,7,-7,0,0,2015,-4,1,1,0
50,Friday,2015-05-29,19:05:00,152,21:37:00,0,5,0.31,0,22227,COL,1,4,-3,0,0,2015,-5,0,0,0
51,Saturday,2015-05-30,15:05:00,203,18:28:00,1,5,0.27,0,23510,COL,2,5,-3,0,0,2015,-6,0,0,0
52,Sunday,2015-05-31,13:35:00,176,16:31:00,1,5,0.24,0,22166,COL,1,4,-3,0,0,2015,-7,0,0,0
53,Tuesday,2015-06-02,19:05:00,172,21:57:00,0,5,0.21,0,20209,CIN,5,4,1,1,1,2015,1,0,0,0
54,Wednesday,2015-06-03,19:05:00,211,22:36:00,0,5,0.23,0,21253,CIN,5,4,1,1,1,2015,2,0,0,0
55,Thursday,2015-06-04,19:05:00,161,21:46:00,0,5,0.29,0,21057,CIN,4,6,-2,0,0,2015,-1,0,0,0
56,Friday,2015-06-05,19:05:00,178,22:03:00,0,5,0.26,0,20638,SFG,4,5,-1,0,0,2015,-2,0,0,0
57,Saturday,2015-06-06,15:05:00,173,17:58:00,1,5,0.22,0,29102,SFG,5,7,-2,0,0,2015,-3,0,0,0
58,Sunday,2015-06-07,13:35:00,187,16:42:00,1,5,0.19,0,24799,SFG,6,4,2,1,0,2015,1,0,0,0
59,Monday,2015-06-08,19:10:00,175,22:05:00,0,5,0.22,1,30900,CIN,4,6,-2,0,0,2015,-1,0,0,0
60,Tuesday,2015-06-09,19:10:00,170,22:00:00,0,5,0.2,1,27993,CIN,2,11,-9,0,0,2015,-2,0,0,0
61,Wednesday,2015-06-10,12:35:00,168,15:23:00,1,5,0.18,1,32994,CIN,2,5,-3,0,0,2015,-3,0,0,0
62,Friday,2015-06-12,19:05:00,274,23:39:00,0,5,0.14,1,33749,PIT,0,1,-1,0,1,2015,-4,0,0,0
63,Saturday,2015-06-13,16:05:00,185,19:10:00,1,5,0.13,1,37516,PIT,3,4,-1,0,0,2015,-5,0,0,0
64,Sunday,2015-06-14,13:35:00,184,16:39:00,1,5,0.11,1,34518,PIT,0,1,-1,0,1,2015,-6,0,0,0
65,Monday,2015-06-15,19:05:00,129,21:14:00,0,5,0.09,1,23730,BAL,0,4,-4,0,0,2015,-7,0,0,0
66,Tuesday,2015-06-16,19:05:00,191,22:16:00,0,5,0.06,1,26964,BAL,3,19,-16,0,0,2015,-8,0,0,0
67,Wednesday,2015-06-17,19:05:00,154,21:39:00,0,5,0.04,0,26162,BAL,4,6,-2,0,0,2015,-9,0,0,0
68,Thursday,2015-06-18,13:05:00,152,15:37:00,1,5,0.04,0,26220,BAL,2,1,1,1,0,2015,1,0,0,0
69,Friday,2015-06-19,19:05:00,214,22:39:00,0,5,0.05,0,21169,STL,4,12,-8,0,0,2015,-1,0,0,0
70,Saturday,2015-06-20,19:05:00,182,22:07:00,0,5,0.04,0,24256,STL,1,10,-9,0,0,2015,-2,0,0,0
71,Sunday,2015-06-21,13:35:00,149,16:04:00,1,5,0.03,0,30423,STL,9,2,7,1,0,2015,1,0,0,0
72,Monday,2015-06-22,19:05:00,213,22:38:00,0,5,0.03,1,36883,NYY,11,8,3,1,0,2015,2,0,0,0
73,Tuesday,2015-06-23,19:05:00,225,22:50:00,0,5,0.05,1,36198,NYY,11,6,5,1,0,2015,3,0,0,0
74,Wednesday,2015-06-24,13:05:00,190,16:15:00,1,5,0.06,1,45877,NYY,2,10,-8,0,0,2015,-1,0,0,0
75,Friday,2015-06-26,19:05:00,158,21:43:00,0,5,0.06,0,22292,WSN,2,5,-3,0,0,2015,-2,0,0,0
76,Sunday,2015-06-28,13:10:00,187,16:17:00,1,5,0.04,0,,WSN,2,3,-1,0,0,2015,-3,0,0,0
77,Sunday,2015-06-28,15:05:00,195,18:20:00,1,5,0.03,0,27126,WSN,8,5,3,1,0,2015,1,0,0,0
78,Monday,2015-06-29,19:05:00,202,22:27:00,0,5,0.02,0,18423,MIL,4,7,-3,0,0,2015,-1,0,0,0
79,Tuesday,2015-06-30,19:05:00,206,22:31:00,0,5,0.01,0,20564,MIL,3,4,-1,0,0,2015,-2,0,0,0
80,Wednesday,2015-07-01,19:05:00,178,22:03:00,0,5,0.02,0,27069,MIL,5,9,-4,0,0,2015,-3,0,0,0
81,Thursday,2015-07-02,18:35:00,237,22:32:00,0,5,0.01,0,30485,MIL,7,8,-1,0,0,2015,-4,0,0,0
82,Friday,2015-07-03,19:35:00,163,22:18:00,0,5,0.01,1,33090,ATL,1,2,-1,0,0,2015,-5,1,0,1
83,Saturday,2015-07-04,19:15:00,184,22:19:00,0,5,0.01,1,34401,ATL,5,9,-4,0,0,2015,-6,1,0,1
84,Sunday,2015-07-05,13:35:00,193,16:48:00,1,5,0.0,1,18763,ATL,4,0,4,1,0,2015,1,1,0,1
85,Monday,2015-07-06,22:10:00,253,02:23:00,0,5,0.01,1,45180,LAD,7,10,-3,0,0,2015,-1,0,0,0
86,Tuesday,2015-07-07,22:10:00,165,00:55:00,0,5,0.0,1,46614,LAD,7,2,5,1,0,2015,1,0,0,0
87,Wednesday,2015-07-08,22:10:00,161,00:51:00,0,5,0.0,1,45135,LAD,0,5,-5,0,0,2015,-1,0,0,0
88,Thursday,2015-07-09,22:10:00,134,00:24:00,0,5,0.01,1,41290,LAD,0,6,-6,0,0,2015,-2,0,0,0
89,Friday,2015-07-10,22:15:00,203,01:38:00,0,5,0.0,1,41895,SFG,2,15,-13,0,0,2015,-3,0,0,0
90,Saturday,2015-07-11,22:05:00,197,01:22:00,0,5,0.0,1,41980,SFG,5,8,-3,0,0,2015,-4,0,0,0
91,Sunday,2015-07-12,16:05:00,143,18:28:00,1,5,0.0,1,42387,SFG,2,4,-2,0,0,2015,-5,0,0,0
92,Friday,2015-07-17,19:05:00,146,21:31:00,0,5,0.0,0,23074,MIA,6,3,3,1,0,2015,1,0,0,0
93,Saturday,2015-07-18,19:05:00,159,21:44:00,0,5,0.0,0,23655,MIA,3,1,2,1,0,2015,2,0,0,0
94,Sunday,2015-07-19,13:35:00,195,16:50:00,1,5,0.0,0,21739,MIA,8,7,1,1,1,2015,3,0,0,0
95,Monday,2015-07-20,19:05:00,164,21:49:00,0,5,0.0,0,20148,TBR,5,3,2,1,0,2015,4,0,0,0
96,Tuesday,2015-07-21,19:05:00,172,21:57:00,0,5,0.0,0,28703,TBR,0,1,-1,0,0,2015,-1,0,0,0
97,Wednesday,2015-07-22,13:05:00,223,16:48:00,1,5,0.0,0,22252,TBR,5,4,1,1,1,2015,1,0,0,0
98,Friday,2015-07-24,16:05:00,193,19:18:00,1,5,0.0,1,41230,CHC,5,3,2,1,0,2015,2,0,0,0
99,Saturday,2015-07-25,16:05:00,158,18:43:00,1,5,0.0,1,41683,CHC,5,0,5,1,0,2015,3,0,0,0
100,Sunday,2015-07-26,14:20:00,181,17:21:00,1,5,0.0,1,41123,CHC,11,5,6,1,0,2015,4,0,0,0
101,Tuesday,2015-07-28,19:07:00,149,21:36:00,0,5,0.01,1,30516,TOR,3,2,1,1,0,2015,5,0,0,0
102,Wednesday,2015-07-29,19:07:00,157,21:44:00,0,5,0.01,1,27060,TOR,2,8,-6,0,0,2015,-1,0,0,0
103,Thursday,2015-07-30,19:05:00,179,22:04:00,0,5,0.01,0,21706,ATL,4,1,3,1,0,2015,1,1,0,1
104,Friday,2015-07-31,19:05:00,159,21:44:00,0,5,0.0,0,29290,ATL,9,3,6,1,0,2015,2,1,0,1
105,Saturday,2015-08-01,19:05:00,172,21:57:00,0,5,0.01,0,25523,ATL,12,2,10,1,0,2015,3,1,0,1
106,Sunday,2015-08-02,13:35:00,168,16:23:00,1,5,0.01,0,24361,ATL,2,6,-4,0,0,2015,-1,1,0,1
107,Tuesday,2015-08-04,19:05:00,211,22:36:00,0,5,0.01,0,28733,LAD,6,2,4,1,0,2015,1,0,0,0
108,Wednesday,2015-08-05,19:05:00,192,22:17:00,0,5,0.01,0,26197,LAD,3,4,-1,0,0,2015,-1,0,0,0
109,Thursday,2015-08-06,13:05:00,208,16:33:00,1,5,0.01,0,27839,LAD,8,10,-2,0,0,2015,-2,0,0,0
110,Friday,2015-08-07,22:10:00,253,02:23:00,0,4,0.0,1,31334,SDP,4,3,1,1,0,2015,1,0,0,0
111,Saturday,2015-08-08,20:40:00,175,23:35:00,0,4,0.0,1,44567,SDP,4,2,2,1,0,2015,2,0,0,0
112,Sunday,2015-08-09,16:10:00,176,19:06:00,1,4,0.01,1,24156,SDP,5,3,2,1,0,2015,3,0,0,0
113,Monday,2015-08-10,21:40:00,181,00:41:00,0,4,0.01,1,16495,ARI,3,13,-10,0,0,2015,-1,0,0,0
114,Tuesday,2015-08-11,21:40:00,163,00:23:00,0,5,0.01,1,19836,ARI,1,13,-12,0,0,2015,-2,0,0,0
115,Wednesday,2015-08-12,15:40:00,214,19:14:00,1,5,0.0,1,18047,ARI,7,6,1,1,0,2015,1,0,0,0
116,Friday,2015-08-14,20:10:00,150,22:40:00,0,5,0.0,1,34735,MIL,1,3,-2,0,0,2015,-1,0,0,0
117,Saturday,2015-08-15,19:10:00,178,22:08:00,0,5,0.0,1,39204,MIL,2,4,-2,0,0,2015,-2,0,0,0
118,Sunday,2015-08-16,14:10:00,187,17:17:00,1,5,0.0,1,33920,MIL,1,6,-5,0,0,2015,-3,0,0,0
119,Tuesday,2015-08-18,19:05:00,190,22:15:00,0,5,0.01,0,26547,TOR,5,8,-3,0,0,2015,-4,0,0,0
120,Wednesday,2015-08-19,19:05:00,144,21:29:00,0,5,0.0,0,26246,TOR,7,4,3,1,0,2015,1,0,0,0
121,Thursday,2015-08-20,19:10:00,213,22:43:00,0,5,0.0,1,19689,MIA,7,9,-2,0,0,2015,-1,0,0,0
122,Friday,2015-08-21,19:10:00,156,21:46:00,0,5,0.0,1,19391,MIA,7,1,6,1,0,2015,1,0,0,0
123,Saturday,2015-08-22,19:10:00,170,22:00:00,0,5,0.0,1,22113,MIA,4,2,2,1,0,2015,2,0,0,0
124,Sunday,2015-08-23,13:10:00,160,15:50:00,1,4,0.01,1,22693,MIA,2,0,2,1,0,2015,3,0,0,0
125,Monday,2015-08-24,19:05:00,213,22:38:00,0,4,0.0,0,23744,NYM,7,16,-9,0,0,2015,-1,1,1,0
126,Tuesday,2015-08-25,19:05:00,211,22:36:00,0,5,0.0,0,23544,NYM,5,6,-1,0,0,2015,-2,1,1,0
127,Wednesday,2015-08-26,19:05:00,196,22:21:00,0,5,0.0,0,22184,NYM,4,9,-5,0,0,2015,-3,1,1,0
128,Thursday,2015-08-27,19:05:00,272,23:37:00,0,5,0.0,0,22526,NYM,5,9,-4,0,0,2015,-4,1,1,0
129,Friday,2015-08-28,19:05:00,158,21:43:00,0,5,0.0,0,25145,SDP,7,1,6,1,0,2015,1,0,0,0
130,Saturday,2015-08-29,19:05:00,176,22:01:00,0,4,0.0,0,22090,SDP,4,3,1,1,0,2015,2,0,0,0
131,Sunday,2015-08-30,13:35:00,193,16:48:00,1,4,0.0,0,22624,SDP,4,9,-5,0,0,2015,-1,0,0,0
132,Monday,2015-08-31,19:10:00,143,21:33:00,0,5,0.0,1,34233,NYM,1,3,-2,0,0,2015,-2,1,1,0
133,Tuesday,2015-09-01,19:10:00,197,22:27:00,0,5,0.0,1,30104,NYM,14,8,6,1,0,2015,1,1,1,0
134,Wednesday,2015-09-02,19:10:00,173,22:03:00,0,5,0.0,1,32464,NYM,4,9,-5,0,0,2015,-1,1,1,0
135,Friday,2015-09-04,19:10:00,202,22:32:00,0,5,0.0,1,33674,BOS,5,7,-2,0,0,2015,-2,0,0,0
136,Saturday,2015-09-05,16:05:00,144,18:29:00,1,5,0.0,1,36534,BOS,2,9,-7,0,0,2015,-3,0,0,0
137,Sunday,2015-09-06,13:35:00,177,16:32:00,1,5,0.0,1,34708,BOS,2,6,-4,0,0,2015,-4,0,0,0
138,Monday,2015-09-07,19:05:00,152,21:37:00,0,5,0.0,0,15125,ATL,2,7,-5,0,0,2015,-5,1,0,1
139,Tuesday,2015-09-08,19:05:00,150,21:35:00,0,5,0.0,0,15610,ATL,5,0,5,1,0,2015,1,1,0,1
140,Wednesday,2015-09-09,19:05:00,172,21:57:00,0,5,0.0,0,15241,ATL,1,8,-7,0,0,2015,-1,1,0,1
141,Friday,2015-09-11,17:05:00,174,19:59:00,0,5,0.0,0,,CHC,1,5,-4,0,0,2015,-2,0,0,0
142,Friday,2015-09-11,19:05:00,176,22:01:00,0,5,0.0,0,22538,CHC,3,7,-4,0,0,2015,-3,0,0,0
143,Saturday,2015-09-12,19:05:00,192,22:17:00,0,5,0.0,0,20813,CHC,7,5,2,1,1,2015,1,0,0,0
144,Sunday,2015-09-13,13:35:00,184,16:39:00,1,4,0.0,0,23450,CHC,7,4,3,1,0,2015,2,0,0,0
145,Monday,2015-09-14,19:05:00,234,22:59:00,0,5,0.0,0,15402,WSN,7,8,-1,0,0,2015,-1,0,0,0
146,Tuesday,2015-09-15,19:05:00,155,21:40:00,0,5,0.0,0,15325,WSN,0,4,-4,0,0,2015,-2,0,0,0
147,Wednesday,2015-09-16,19:05:00,169,21:54:00,0,5,0.0,0,15753,WSN,2,12,-10,0,0,2015,-3,0,0,0
148,Friday,2015-09-18,19:35:00,178,22:33:00,0,5,0.0,1,22525,ATL,1,2,-1,0,0,2015,-4,1,0,1
149,Saturday,2015-09-19,19:10:00,141,21:31:00,0,5,0.0,1,24855,ATL,1,2,-1,0,0,2015,-5,1,0,1
150,Sunday,2015-09-20,13:35:00,153,16:08:00,1,5,0.0,1,23723,ATL,1,2,-1,0,1,2015,-6,1,0,1
151,Tuesday,2015-09-22,19:10:00,163,21:53:00,0,5,0.0,1,16742,MIA,6,2,4,1,0,2015,1,0,0,0
152,Wednesday,2015-09-23,19:10:00,200,22:30:00,0,5,0.0,1,15662,MIA,3,4,-1,0,1,2015,-1,0,0,0
153,Thursday,2015-09-24,19:10:00,154,21:44:00,0,5,0.0,1,17083,MIA,0,1,-1,0,0,2015,-2,0,0,0
154,Friday,2015-09-25,19:05:00,150,21:35:00,0,5,0.0,1,31019,WSN,8,2,6,1,0,2015,1,0,0,0
155,Saturday,2015-09-26,16:05:00,230,19:55:00,1,5,0.0,1,32086,WSN,1,2,-1,0,1,2015,-1,0,0,0
156,Sunday,2015-09-27,13:35:00,182,16:37:00,1,5,0.0,1,28661,WSN,12,5,7,1,0,2015,1,0,0,0
157,Tuesday,2015-09-29,19:05:00,166,21:51:00,0,5,0.0,0,15227,NYM,4,3,1,1,0,2015,2,1,1,0
158,Wednesday,2015-09-30,19:05:00,239,23:04:00,0,5,0.0,0,15201,NYM,7,5,2,1,0,2015,3,1,1,0
159,Thursday,2015-10-01,12:05:00,143,14:28:00,1,5,0.0,0,13238,NYM,3,0,3,1,0,2015,4,1,1,0
160,Saturday,2015-10-03,16:05:00,199,19:24:00,1,5,0.0,0,,MIA,6,7,-1,0,0,2015,-1,0,0,0
161,Saturday,2015-10-03,19:05:00,155,21:40:00,0,5,0.0,0,16240,MIA,2,5,-3,0,0,2015,-2,0,0,0
162,Sunday,2015-10-04,15:05:00,149,17:34:00,1,5,0.0,0,21734,MIA,7,2,5,1,0,2015,1,0,0,0
1,Monday,2016-04-04,16:10:00,176,19:06:00,1,3,0.94,1,43683,CIN,2,6,-4,0,0,2016,-1,0,0,0
2,Wednesday,2016-04-06,19:10:00,143,21:33:00,0,3,0.94,1,21621,CIN,2,3,-1,0,1,2016,-2,0,0,0
3,Thursday,2016-04-07,12:35:00,184,15:39:00,1,5,0.86,1,10784,CIN,6,10,-4,0,0,2016,-3,0,0,0
4,Friday,2016-04-08,13:10:00,189,16:19:00,1,5,0.97,1,44099,NYM,2,7,-5,0,0,2016,-4,1,1,0
5,Saturday,2016-04-09,19:10:00,164,21:54:00,0,4,0.92,1,37083,NYM,1,0,1,1,0,2016,1,1,1,0
6,Sunday,2016-04-10,13:10:00,177,16:07:00,1,3,0.98,1,37233,NYM,5,2,3,1,0,2016,2,1,1,0
7,Monday,2016-04-11,15:05:00,171,17:56:00,1,4,0.89,0,45229,SDP,3,4,-1,0,0,2016,-1,0,0,0
8,Tuesday,2016-04-12,19:05:00,178,22:03:00,0,3,0.86,0,21043,SDP,3,0,3,1,0,2016,1,0,0,0
9,Wednesday,2016-04-13,19:05:00,156,21:41:00,0,2,0.92,0,17638,SDP,2,1,1,1,0,2016,2,0,0,0
10,Thursday,2016-04-14,13:05:00,147,15:32:00,1,2,0.88,0,18079,SDP,3,0,3,1,0,2016,3,0,0,0
11,Friday,2016-04-15,19:05:00,191,22:16:00,0,2,1.18,0,22624,WSN,1,9,-8,0,0,2016,-1,0,0,0
12,Saturday,2016-04-16,19:05:00,157,21:42:00,0,2,1.09,0,30320,WSN,1,8,-7,0,0,2016,-2,0,0,0
13,Sunday,2016-04-17,13:35:00,204,16:59:00,1,2,1.07,0,37378,WSN,3,2,1,1,1,2016,1,0,0,0
14,Monday,2016-04-18,19:05:00,171,21:56:00,0,3,1.01,0,21585,NYM,2,5,-3,0,0,2016,-1,1,1,0
15,Tuesday,2016-04-19,19:05:00,183,22:08:00,0,3,0.99,0,22417,NYM,1,11,-10,0,0,2016,-2,1,1,0
16,Wednesday,2016-04-20,19:05:00,243,23:08:00,0,3,0.88,0,20057,NYM,5,4,1,1,1,2016,1,1,1,0
17,Friday,2016-04-22,20:10:00,168,22:58:00,0,3,0.84,1,23439,MIL,5,2,3,1,0,2016,2,0,0,0
18,Saturday,2016-04-23,19:10:00,240,23:10:00,0,3,0.91,1,34813,MIL,10,6,4,1,0,2016,3,0,0,0
19,Sunday,2016-04-24,14:10:00,169,16:59:00,1,3,0.95,1,28131,MIL,5,8,-3,0,0,2016,-1,0,0,0
20,Tuesday,2016-04-26,19:05:00,205,22:30:00,0,3,1.08,1,25097,WSN,4,3,1,1,0,2016,1,0,0,0
21,Wednesday,2016-04-27,19:05:00,179,22:04:00,0,3,1.13,1,24186,WSN,3,0,3,1,0,2016,2,0,0,0
22,Thursday,2016-04-28,16:05:00,179,19:04:00,1,3,1.19,1,22112,WSN,3,0,3,1,0,2016,3,0,0,0
23,Friday,2016-04-29,19:05:00,200,22:25:00,0,3,0.97,0,18677,CLE,4,3,1,1,1,2016,4,0,0,0
24,Saturday,2016-04-30,19:05:00,183,22:08:00,0,3,1.0,0,23636,CLE,4,3,1,1,0,2016,5,0,0,0
25,Sunday,2016-05-01,14:35:00,160,17:15:00,1,3,0.98,0,23809,CLE,2,1,1,1,0,2016,6,0,0,0
26,Monday,2016-05-02,20:15:00,181,23:16:00,0,3,1.11,1,40438,STL,3,10,-7,0,0,2016,-1,0,0,0
27,Tuesday,2016-05-03,20:15:00,151,22:46:00,0,3,1.06,1,40087,STL,1,0,1,1,0,2016,1,0,0,0
28,Wednesday,2016-05-04,20:15:00,183,23:18:00,0,3,1.1,1,40725,STL,4,5,-1,0,1,2016,-1,0,0,0
29,Thursday,2016-05-05,13:45:00,159,16:24:00,1,3,1.05,1,41818,STL,0,4,-4,0,0,2016,-2,0,0,0
30,Friday,2016-05-06,19:10:00,169,21:59:00,0,4,1.15,1,19983,MIA,4,6,-2,0,0,2016,-3,0,0,0
31,Saturday,2016-05-07,19:10:00,200,22:30:00,0,3,1.17,1,21719,MIA,4,3,1,1,0,2016,1,0,0,0
32,Sunday,2016-05-08,13:10:00,190,16:20:00,1,3,1.15,1,19625,MIA,6,5,1,1,0,2016,2,0,0,0
33,Tuesday,2016-05-10,19:10:00,153,21:43:00,0,3,1.11,1,14490,ATL,3,2,1,1,0,2016,3,1,0,1
34,Wednesday,2016-05-11,19:10:00,140,21:30:00,0,3,1.11,1,13760,ATL,1,5,-4,0,0,2016,-1,1,0,1
35,Thursday,2016-05-12,19:10:00,194,22:24:00,0,3,1.09,1,15643,ATL,7,4,3,1,0,2016,1,1,0,1
36,Friday,2016-05-13,19:05:00,157,21:42:00,0,3,1.18,0,22230,CIN,3,2,1,1,0,2016,2,0,0,0
37,Saturday,2016-05-14,19:05:00,165,21:50:00,0,2,1.13,0,29535,CIN,4,3,1,1,0,2016,3,0,0,0
38,Sunday,2016-05-15,13:35:00,232,17:27:00,1,2,1.21,0,27869,CIN,4,9,-5,0,0,2016,-1,0,0,0
39,Monday,2016-05-16,19:05:00,187,22:12:00,0,2,1.34,0,28348,MIA,3,5,-2,0,0,2016,-2,0,0,0
40,Tuesday,2016-05-17,19:05:00,173,21:58:00,0,2,1.36,0,18140,MIA,3,1,2,1,0,2016,1,0,0,0
41,Wednesday,2016-05-18,13:05:00,149,15:34:00,1,2,1.37,0,29579,MIA,4,2,2,1,0,2016,2,0,0,0
42,Friday,2016-05-20,19:05:00,180,22:05:00,0,2,1.24,0,27257,ATL,1,7,-6,0,0,2016,-1,1,0,1
43,Saturday,2016-05-21,15:05:00,176,18:01:00,1,3,1.17,0,20196,ATL,0,2,-2,0,0,2016,-2,1,0,1
44,Sunday,2016-05-22,13:35:00,155,16:10:00,1,3,1.19,0,23367,ATL,5,0,5,1,0,2016,1,1,0,1
45,Monday,2016-05-23,19:10:00,190,22:20:00,0,3,1.13,1,26400,DET,4,5,-1,0,0,2016,-1,0,0,0
46,Tuesday,2016-05-24,19:10:00,158,21:48:00,0,3,1.16,1,26531,DET,1,3,-2,0,0,2016,-2,0,0,0
47,Wednesday,2016-05-25,13:10:00,191,16:21:00,1,3,1.07,1,31187,DET,8,5,3,1,0,2016,1,0,0,0
48,Friday,2016-05-27,14:20:00,184,17:24:00,1,3,1.13,1,38941,CHC,2,6,-4,0,0,2016,-1,0,0,0
49,Saturday,2016-05-28,14:20:00,138,16:38:00,1,3,1.11,1,41555,CHC,1,4,-3,0,0,2016,-2,0,0,0
50,Sunday,2016-05-29,14:20:00,170,17:10:00,1,3,1.08,1,41575,CHC,2,7,-5,0,0,2016,-3,0,0,0
51,Monday,2016-05-30,19:05:00,173,21:58:00,0,3,1.26,0,21993,WSN,3,4,-1,0,0,2016,-4,0,0,0
52,Tuesday,2016-05-31,19:05:00,174,21:59:00,0,4,1.2,0,18572,WSN,1,5,-4,0,0,2016,-5,0,0,0
53,Wednesday,2016-06-01,19:05:00,165,21:50:00,0,4,1.14,0,19052,WSN,2,7,-5,0,0,2016,-6,0,0,0
54,Thursday,2016-06-02,19:05:00,194,22:19:00,0,4,0.83,0,22890,MIL,1,4,-3,0,0,2016,-7,0,0,0
55,Friday,2016-06-03,19:05:00,183,22:08:00,0,4,0.77,0,20138,MIL,6,3,3,1,0,2016,1,0,0,0
56,Saturday,2016-06-04,15:05:00,205,18:30:00,1,4,0.86,0,25177,MIL,3,6,-3,0,0,2016,-1,0,0,0
57,Sunday,2016-06-05,13:35:00,185,16:40:00,1,4,0.76,0,24259,MIL,8,1,7,1,0,2016,1,0,0,0
58,Monday,2016-06-06,19:05:00,185,22:10:00,0,4,0.81,0,22162,CHC,4,6,-2,0,0,2016,-1,0,0,0
59,Tuesday,2016-06-07,19:05:00,165,21:50:00,0,4,0.7,0,27381,CHC,3,2,1,1,0,2016,1,0,0,0
60,Wednesday,2016-06-08,13:05:00,164,15:49:00,1,4,0.81,0,28650,CHC,1,8,-7,0,0,2016,-1,0,0,0
61,Friday,2016-06-10,19:05:00,173,21:58:00,0,4,0.87,1,37941,WSN,6,9,-3,0,0,2016,-2,0,0,0
62,Saturday,2016-06-11,12:05:00,176,15:01:00,1,4,0.76,1,38044,WSN,0,8,-8,0,0,2016,-3,0,0,0
63,Sunday,2016-06-12,16:05:00,176,19:01:00,1,4,0.68,1,34294,WSN,4,5,-1,0,1,2016,-4,0,0,0
64,Monday,2016-06-13,19:07:00,175,22:02:00,0,4,0.47,1,35678,TOR,7,0,7,1,0,2016,1,0,0,0
65,Tuesday,2016-06-14,12:37:00,163,15:20:00,1,4,0.54,1,47066,TOR,3,11,-8,0,0,2016,-1,0,0,0
66,Wednesday,2016-06-15,19:05:00,171,21:56:00,0,4,0.49,0,24753,TOR,2,7,-5,0,0,2016,-2,0,0,0
67,Thursday,2016-06-16,19:05:00,184,22:09:00,0,4,0.44,0,22279,TOR,2,13,-11,0,0,2016,-3,0,0,0
68,Friday,2016-06-17,19:05:00,184,22:09:00,0,4,0.37,0,19282,ARI,2,10,-8,0,0,2016,-4,0,0,0
69,Saturday,2016-06-18,15:05:00,157,17:42:00,1,4,0.3,0,33797,ARI,1,4,-3,0,0,2016,-5,0,0,0
70,Sunday,2016-06-19,13:35:00,179,16:34:00,1,4,0.28,0,40214,ARI,1,5,-4,0,0,2016,-6,0,0,0
71,Monday,2016-06-20,13:05:00,160,15:45:00,1,4,0.26,0,22118,ARI,1,3,-2,0,0,2016,-7,0,0,0
72,Tuesday,2016-06-21,20:10:00,204,23:34:00,0,4,0.2,1,25714,MIN,10,14,-4,0,0,2016,-8,0,0,0
73,Wednesday,2016-06-22,20:10:00,168,22:58:00,0,4,0.18,1,25032,MIN,5,6,-1,0,0,2016,-9,0,0,0
74,Thursday,2016-06-23,13:10:00,187,16:17:00,1,4,0.13,1,30012,MIN,7,3,4,1,0,2016,1,0,0,0
75,Friday,2016-06-24,22:15:00,201,01:36:00,0,4,0.17,1,42238,SFG,4,5,-1,0,0,2016,-1,0,0,0
76,Saturday,2016-06-25,22:05:00,167,00:52:00,0,4,0.14,1,41928,SFG,3,2,1,1,0,2016,1,0,0,0
77,Sunday,2016-06-26,16:05:00,196,19:21:00,1,4,0.18,1,41479,SFG,7,8,-1,0,1,2016,-1,0,0,0
78,Monday,2016-06-27,21:40:00,198,00:58:00,0,4,0.13,1,22567,ARI,8,0,8,1,0,2016,1,0,0,0
79,Tuesday,2016-06-28,21:40:00,214,01:14:00,0,4,0.17,1,19645,ARI,4,3,1,1,0,2016,2,0,0,0
80,Wednesday,2016-06-29,15:40:00,233,19:33:00,1,4,0.2,1,18603,ARI,9,8,1,1,0,2016,3,0,0,0
81,Friday,2016-07-01,19:05:00,186,22:11:00,0,4,0.25,0,30263,KCR,4,3,1,1,0,2016,4,0,0,0
82,Saturday,2016-07-02,17:50:00,167,20:37:00,0,4,0.24,0,40331,KCR,2,6,-4,0,0,2016,-1,0,0,0
83,Sunday,2016-07-03,13:35:00,162,16:17:00,1,4,0.21,0,20473,KCR,7,2,5,1,0,2016,1,0,0,0
84,Monday,2016-07-04,16:05:00,147,18:32:00,1,4,0.21,0,19064,ATL,8,2,6,1,0,2016,2,1,0,1
85,Tuesday,2016-07-05,19:05:00,128,21:13:00,0,4,0.27,0,18426,ATL,5,1,4,1,0,2016,3,1,0,1
86,Wednesday,2016-07-06,13:05:00,174,15:59:00,1,4,0.29,0,19211,ATL,4,3,1,1,0,2016,4,1,0,1
87,Thursday,2016-07-07,20:40:00,173,23:33:00,0,4,0.38,1,35250,COL,2,11,-9,0,0,2016,-1,0,0,0
88,Friday,2016-07-08,20:10:00,216,23:46:00,0,4,0.32,1,42335,COL,5,3,2,1,0,2016,1,0,0,0
89,Saturday,2016-07-09,20:40:00,165,23:25:00,0,4,0.35,1,48105,COL,3,8,-5,0,0,2016,-1,0,0,0
90,Sunday,2016-07-10,16:10:00,191,19:21:00,1,4,0.28,1,32113,COL,10,3,7,1,0,2016,1,0,0,0
91,Friday,2016-07-15,19:05:00,190,22:15:00,0,4,0.35,0,28076,NYM,3,5,-2,0,0,2016,-1,1,1,0
92,Saturday,2016-07-16,19:05:00,191,22:16:00,0,4,0.26,0,37324,NYM,4,2,2,1,0,2016,1,1,1,0
93,Sunday,2016-07-17,13:35:00,141,15:56:00,1,4,0.33,0,30894,NYM,0,5,-5,0,0,2016,-1,1,1,0
94,Monday,2016-07-18,19:05:00,185,22:10:00,0,4,0.26,0,19115,MIA,2,3,-1,0,0,2016,-2,0,0,0
95,Tuesday,2016-07-19,19:05:00,206,22:31:00,0,4,0.2,0,18347,MIA,1,2,-1,0,0,2016,-3,0,0,0
96,Wednesday,2016-07-20,19:05:00,157,21:42:00,0,4,0.14,0,20654,MIA,4,1,3,1,0,2016,1,0,0,0
97,Thursday,2016-07-21,19:05:00,177,22:02:00,0,4,0.18,0,27839,MIA,3,9,-6,0,0,2016,-1,0,0,0
98,Friday,2016-07-22,19:05:00,158,21:43:00,0,4,0.12,1,33703,PIT,4,0,4,1,0,2016,1,0,0,0
99,Saturday,2016-07-23,16:05:00,215,19:40:00,1,4,0.16,1,35802,PIT,4,7,-3,0,0,2016,-1,0,0,0
100,Sunday,2016-07-24,13:35:00,188,16:43:00,1,4,0.14,1,32439,PIT,4,5,-1,0,0,2016,-2,0,0,0
101,Monday,2016-07-25,19:10:00,183,22:13:00,0,4,0.11,1,19465,MIA,4,0,4,1,0,2016,1,0,0,0
102,Tuesday,2016-07-26,19:10:00,161,21:51:00,0,4,0.14,1,20365,MIA,0,5,-5,0,0,2016,-1,0,0,0
103,Wednesday,2016-07-27,12:10:00,177,15:07:00,1,4,0.11,1,32403,MIA,1,11,-10,0,0,2016,-2,0,0,0
104,Thursday,2016-07-28,19:10:00,205,22:35:00,0,4,0.06,1,22785,ATL,7,5,2,1,0,2016,1,1,0,1
105,Friday,2016-07-29,19:35:00,163,22:18:00,0,4,0.09,1,27732,ATL,1,2,-1,0,0,2016,-1,1,0,1
106,Saturday,2016-07-30,19:10:00,220,22:50:00,0,4,0.07,1,38236,ATL,9,5,4,1,0,2016,1,1,0,1
107,Sunday,2016-07-31,13:35:00,163,16:18:00,1,4,0.09,1,21545,ATL,1,2,-1,0,0,2016,-1,1,0,1
108,Tuesday,2016-08-02,19:05:00,196,22:21:00,0,4,0.07,0,23351,SFG,13,8,5,1,0,2016,1,0,0,0
109,Wednesday,2016-08-03,19:05:00,243,23:08:00,0,4,0.08,0,23162,SFG,5,4,1,1,1,2016,2,0,0,0
110,Thursday,2016-08-04,13:05:00,210,16:35:00,1,4,0.11,0,30229,SFG,2,3,-1,0,0,2016,-1,0,0,0
111,Friday,2016-08-05,22:40:00,175,01:35:00,0,4,0.08,1,27521,SDP,5,4,1,1,0,2016,1,0,0,0
112,Saturday,2016-08-06,20:40:00,197,23:57:00,0,4,0.09,1,37453,SDP,7,9,-2,0,0,2016,-1,0,0,0
113,Sunday,2016-08-07,16:40:00,193,19:53:00,1,4,0.09,1,32710,SDP,6,5,1,1,0,2016,1,0,0,0
114,Monday,2016-08-08,22:10:00,170,01:00:00,0,4,0.1,1,48370,LAD,4,9,-5,0,0,2016,-1,0,0,0
115,Tuesday,2016-08-09,22:10:00,197,01:27:00,0,4,0.08,1,42859,LAD,3,9,-6,0,0,2016,-2,0,0,0
116,Wednesday,2016-08-10,15:10:00,197,18:27:00,1,4,0.06,1,41098,LAD,6,2,4,1,0,2016,1,0,0,0
117,Friday,2016-08-12,19:05:00,205,22:30:00,0,4,0.07,0,23600,COL,10,6,4,1,0,2016,2,0,0,0
118,Saturday,2016-08-13,19:05:00,200,22:25:00,0,4,0.14,0,23203,COL,6,3,3,1,0,2016,3,0,0,0
119,Sunday,2016-08-14,13:35:00,213,17:08:00,1,4,0.15,0,20068,COL,7,6,1,1,0,2016,4,0,0,0
120,Tuesday,2016-08-16,19:05:00,210,22:35:00,0,4,0.17,0,28118,LAD,5,15,-10,0,0,2016,-1,0,0,0
121,Wednesday,2016-08-17,19:05:00,203,22:28:00,0,4,0.1,0,21137,LAD,2,7,-5,0,0,2016,-2,0,0,0
122,Thursday,2016-08-18,19:05:00,174,21:59:00,0,4,0.07,0,29187,LAD,5,4,1,1,0,2016,1,0,0,0
123,Friday,2016-08-19,19:05:00,234,22:59:00,0,4,0.11,0,20627,STL,3,4,-1,0,0,2016,-1,0,0,0
124,Saturday,2016-08-20,19:05:00,176,22:01:00,0,4,0.06,0,32288,STL,4,2,2,1,0,2016,1,0,0,0
125,Sunday,2016-08-21,13:35:00,187,16:42:00,1,4,0.09,0,20127,STL,0,9,-9,0,0,2016,-1,0,0,0
126,Tuesday,2016-08-23,20:10:00,158,22:48:00,0,4,0.04,1,18843,CHW,1,9,-8,0,0,2016,-2,0,0,0
127,Wednesday,2016-08-24,20:10:00,164,22:54:00,0,4,0.04,1,15630,CHW,5,3,2,1,0,2016,1,0,0,0
128,Friday,2016-08-26,19:10:00,176,22:06:00,0,4,0.06,1,31111,NYM,4,9,-5,0,0,2016,-1,1,1,0
129,Saturday,2016-08-27,19:10:00,187,22:17:00,0,4,0.03,1,35832,NYM,1,12,-11,0,0,2016,-2,1,1,0
130,Sunday,2016-08-28,13:10:00,188,16:18:00,1,4,0.02,1,32033,NYM,5,1,4,1,0,2016,1,1,1,0
131,Monday,2016-08-29,19:05:00,178,22:03:00,0,4,0.03,0,16056,WSN,0,4,-4,0,0,2016,-1,0,0,0
132,Tuesday,2016-08-30,19:05:00,162,21:47:00,0,4,0.02,0,16378,WSN,2,3,-1,0,0,2016,-2,0,0,0
133,Wednesday,2016-08-31,19:05:00,170,21:55:00,0,4,0.01,0,16503,WSN,1,2,-1,0,0,2016,-3,0,0,0
134,Friday,2016-09-02,19:05:00,208,22:33:00,0,4,0.01,0,17175,ATL,4,8,-4,0,0,2016,-4,1,0,1
135,Saturday,2016-09-03,19:05:00,207,22:32:00,0,4,0.0,0,19453,ATL,4,6,-2,0,0,2016,-5,1,0,1
136,Sunday,2016-09-04,13:35:00,194,16:49:00,1,4,0.0,0,21322,ATL,0,2,-2,0,0,2016,-6,1,0,1
137,Monday,2016-09-05,13:10:00,174,16:04:00,1,4,0.0,1,20849,MIA,6,2,4,1,0,2016,1,0,0,0
138,Tuesday,2016-09-06,19:10:00,180,22:10:00,0,4,0.0,1,16169,MIA,4,3,1,1,0,2016,2,0,0,0
139,Wednesday,2016-09-07,19:10:00,172,22:02:00,0,4,0.0,1,16592,MIA,0,6,-6,0,0,2016,-1,0,0,0
140,Thursday,2016-09-08,19:05:00,168,21:53:00,0,4,0.0,1,25412,WSN,4,1,3,1,0,2016,1,0,0,0
141,Friday,2016-09-09,19:05:00,211,22:36:00,0,4,0.0,1,28469,WSN,4,5,-1,0,1,2016,-1,0,0,0
142,Saturday,2016-09-10,19:05:00,185,22:10:00,0,4,0.0,1,36152,WSN,0,3,-3,0,0,2016,-2,0,0,0
143,Sunday,2016-09-11,13:35:00,169,16:24:00,1,4,0.0,1,31805,WSN,2,3,-1,0,0,2016,-3,0,0,0
144,Monday,2016-09-12,19:05:00,198,22:23:00,0,4,0.0,0,15514,PIT,6,2,4,1,0,2016,1,0,0,0
145,Tuesday,2016-09-13,19:05:00,192,22:17:00,0,4,0.0,0,16190,PIT,3,5,-2,0,0,2016,-1,0,0,0
146,Wednesday,2016-09-14,19:05:00,177,22:02:00,0,4,0.0,0,16112,PIT,6,2,4,1,0,2016,1,0,0,0
147,Thursday,2016-09-15,19:05:00,174,21:59:00,0,4,0.0,0,15247,PIT,2,15,-13,0,0,2016,-1,0,0,0
148,Friday,2016-09-16,19:05:00,283,23:48:00,0,4,0.0,0,18179,MIA,4,3,1,1,1,2016,1,0,0,0
149,Saturday,2016-09-17,19:05:00,162,21:47:00,0,4,0.0,0,24597,MIA,8,0,8,1,0,2016,2,0,0,0
150,Sunday,2016-09-18,13:35:00,196,16:51:00,1,4,0.0,0,20059,MIA,4,5,-1,0,0,2016,-1,0,0,0
151,Tuesday,2016-09-20,19:05:00,200,22:25:00,0,4,0.0,0,16096,CHW,7,6,1,1,0,2016,1,0,0,0
152,Wednesday,2016-09-21,19:05:00,163,21:48:00,0,4,0.0,0,21703,CHW,8,3,5,1,0,2016,2,0,0,0
153,Thursday,2016-09-22,19:10:00,263,23:33:00,0,4,0.0,1,35759,NYM,8,9,-1,0,1,2016,-1,1,1,0
154,Friday,2016-09-23,19:10:00,220,22:50:00,0,4,0.0,1,37873,NYM,5,10,-5,0,0,2016,-2,1,1,0
155,Saturday,2016-09-24,19:10:00,227,22:57:00,0,4,0.0,1,39995,NYM,10,8,2,1,0,2016,1,1,1,0
156,Sunday,2016-09-25,13:10:00,212,16:42:00,1,4,0.0,1,35093,NYM,0,17,-17,0,0,2016,-1,1,1,0
157,Tuesday,2016-09-27,19:10:00,182,22:12:00,0,4,0.0,1,22348,ATL,6,7,-1,0,0,2016,-2,1,0,1
158,Wednesday,2016-09-28,19:10:00,165,21:55:00,0,4,0.0,1,22104,ATL,2,12,-10,0,0,2016,-3,1,0,1
159,Thursday,2016-09-29,19:10:00,198,22:28:00,0,4,0.0,1,32121,ATL,2,5,-3,0,0,2016,-4,1,0,1
160,Friday,2016-09-30,19:05:00,173,21:58:00,0,4,0.0,0,20556,NYM,1,5,-4,0,0,2016,-5,1,1,0
161,Saturday,2016-10-01,13:05:00,181,16:06:00,1,4,0.0,0,20225,NYM,3,5,-2,0,0,2016,-6,1,1,0
162,Sunday,2016-10-02,15:05:00,159,17:44:00,1,4,0.0,0,36935,NYM,5,2,3,1,0,2016,1,1,1,0
1,Monday,2017-04-03,16:10:00,184,19:14:00,1,1,0.99,1,43804,CIN,4,3,1,1,0,2017,1,0,0,0
2,Wednesday,2017-04-05,19:10:00,145,21:35:00,0,2,0.99,1,19944,CIN,0,2,-2,0,0,2017,-1,0,0,0
3,Thursday,2017-04-06,12:35:00,185,15:40:00,1,3,0.95,1,10586,CIN,4,7,-3,0,0,2017,-2,0,0,0
4,Friday,2017-04-07,15:05:00,214,18:39:00,1,4,1.05,0,45121,WSN,6,7,-1,0,0,2017,-3,0,0,0
5,Saturday,2017-04-08,19:05:00,195,22:20:00,0,3,1.01,0,37241,WSN,17,3,14,1,0,2017,1,0,0,0
6,Sunday,2017-04-09,13:35:00,204,16:59:00,1,1,1.08,0,36917,WSN,4,3,1,1,1,2017,2,0,0,0
7,Monday,2017-04-10,19:05:00,179,22:04:00,0,4,1.13,0,33359,NYM,3,4,-1,0,0,2017,-1,1,1,0
8,Tuesday,2017-04-11,19:05:00,218,22:43:00,0,4,1.05,0,28659,NYM,4,14,-10,0,0,2017,-2,1,1,0
9,Wednesday,2017-04-12,19:05:00,193,22:18:00,0,4,0.97,0,28272,NYM,4,5,-1,0,0,2017,-3,1,1,0
10,Friday,2017-04-14,16:05:00,198,19:23:00,1,5,0.94,1,38664,WSN,2,3,-1,0,1,2017,-4,0,0,0
11,Saturday,2017-04-15,13:05:00,159,15:44:00,1,5,0.86,1,35626,WSN,4,2,2,1,0,2017,1,0,0,0
12,Sunday,2017-04-16,13:35:00,191,16:46:00,1,5,0.93,1,29774,WSN,4,6,-2,0,1,2017,-1,0,0,0
13,Tuesday,2017-04-18,19:10:00,238,23:08:00,0,5,0.86,1,23536,NYM,6,2,4,1,0,2017,1,1,1,0
14,Wednesday,2017-04-19,19:10:00,157,21:47:00,0,5,0.91,1,22243,NYM,4,5,-1,0,0,2017,-1,1,1,0
15,Thursday,2017-04-20,19:10:00,194,22:24:00,0,4,0.9,1,24656,NYM,6,4,2,1,0,2017,1,1,1,0
16,Friday,2017-04-21,19:05:00,158,21:43:00,0,4,0.89,0,24189,ATL,4,3,1,1,0,2017,2,1,0,1
17,Saturday,2017-04-22,19:05:00,212,22:37:00,0,3,0.94,0,31334,ATL,4,3,1,1,1,2017,3,1,0,1
18,Sunday,2017-04-23,13:35:00,158,16:13:00,1,3,1.0,0,28632,ATL,5,2,3,1,0,2017,4,1,0,1
19,Wednesday,2017-04-26,19:05:00,161,21:46:00,0,2,1.1,0,26191,MIA,7,4,3,1,0,2017,5,0,0,0
20,Thursday,2017-04-27,13:05:00,195,16:20:00,1,2,1.14,0,22180,MIA,3,2,1,1,0,2017,6,0,0,0
21,Friday,2017-04-28,22:10:00,182,01:12:00,0,2,1.04,1,46729,LAD,3,5,-2,0,0,2017,-1,0,0,0
22,Saturday,2017-04-29,21:10:00,207,00:37:00,0,2,1.05,1,53110,LAD,5,6,-1,0,1,2017,-2,0,0,0
23,Sunday,2017-04-30,16:10:00,186,19:16:00,1,2,0.98,1,48961,LAD,3,5,-2,0,0,2017,-3,0,0,0
24,Monday,2017-05-01,20:05:00,186,23:11:00,0,2,0.94,1,38567,CHC,10,2,8,1,0,2017,1,0,0,0
25,Tuesday,2017-05-02,20:05:00,204,23:29:00,0,2,0.98,1,38660,CHC,3,8,-5,0,0,2017,-1,0,0,0
26,Wednesday,2017-05-03,20:05:00,189,23:14:00,0,2,0.96,1,39335,CHC,4,5,-1,0,0,2017,-2,0,0,0
27,Thursday,2017-05-04,14:20:00,262,18:42:00,1,2,0.92,1,36394,CHC,4,5,-1,0,1,2017,-3,0,0,0
28,Friday,2017-05-05,19:05:00,200,22:25:00,0,3,1.07,0,20237,WSN,2,4,-2,0,0,2017,-4,0,0,0
29,Saturday,2017-05-06,19:05:00,181,22:06:00,0,3,0.94,0,21298,WSN,2,6,-4,0,0,2017,-5,0,0,0
30,Sunday,2017-05-07,14:35:00,231,18:26:00,1,3,0.83,0,30464,WSN,6,5,1,1,1,2017,1,0,0,0
31,Tuesday,2017-05-09,19:05:00,228,22:53:00,0,3,0.75,0,31715,SEA,9,10,-1,0,0,2017,-1,0,0,0
32,Wednesday,2017-05-10,13:05:00,220,16:45:00,1,3,0.71,0,26697,SEA,6,11,-5,0,0,2017,-2,0,0,0
33,Saturday,2017-05-13,19:05:00,214,22:39:00,0,3,0.87,1,31473,WSN,4,6,-2,0,1,2017,-3,0,0,0
34,Sunday,2017-05-14,13:35:00,182,16:37:00,1,3,0.8,1,31738,WSN,4,3,1,1,0,2017,1,0,0,0
35,Sunday,2017-05-14,19:05:00,214,22:39:00,0,3,0.88,1,30137,WSN,5,6,-1,0,0,2017,-1,0,0,0
36,Tuesday,2017-05-16,20:05:00,164,22:49:00,0,4,0.63,1,23110,TEX,1,5,-4,0,0,2017,-2,0,0,0
37,Wednesday,2017-05-17,20:05:00,168,22:53:00,0,4,0.57,1,28703,TEX,3,9,-6,0,0,2017,-3,0,0,0
38,Thursday,2017-05-18,14:05:00,192,17:17:00,1,4,0.55,1,35007,TEX,4,8,-4,0,0,2017,-4,0,0,0
39,Friday,2017-05-19,19:05:00,174,21:59:00,0,4,0.49,1,25795,PIT,7,2,5,1,0,2017,1,0,0,0
40,Saturday,2017-05-20,16:05:00,172,18:57:00,1,4,0.56,1,32572,PIT,3,6,-3,0,0,2017,-1,0,0,0
41,Sunday,2017-05-21,13:35:00,165,16:20:00,1,4,0.53,1,24445,PIT,0,1,-1,0,0,2017,-2,0,0,0
42,Monday,2017-05-22,19:05:00,183,22:08:00,0,4,0.47,0,21251,COL,1,8,-7,0,0,2017,-3,0,0,0
43,Tuesday,2017-05-23,19:05:00,164,21:49:00,0,5,0.39,0,17109,COL,2,8,-6,0,0,2017,-4,0,0,0
44,Wednesday,2017-05-24,19:05:00,189,22:14:00,0,5,0.32,0,19160,COL,2,7,-5,0,0,2017,-5,0,0,0
45,Thursday,2017-05-25,13:05:00,219,16:44:00,1,4,0.27,0,18143,COL,2,1,1,1,1,2017,1,0,0,0
46,Friday,2017-05-26,19:05:00,154,21:39:00,0,5,0.33,0,21388,CIN,2,5,-3,0,0,2017,-1,0,0,0
47,Saturday,2017-05-27,16:05:00,167,18:52:00,1,4,0.26,0,30100,CIN,4,3,1,1,1,2017,1,0,0,0
48,Sunday,2017-05-28,13:35:00,170,16:25:00,1,5,0.29,0,25413,CIN,4,8,-4,0,0,2017,-1,0,0,0
49,Monday,2017-05-29,19:10:00,157,21:47:00,0,5,0.28,1,17032,MIA,1,4,-3,0,0,2017,-2,0,0,0
50,Tuesday,2017-05-30,19:10:00,187,22:17:00,0,5,0.21,1,16241,MIA,2,7,-5,0,0,2017,-3,0,0,0
51,Wednesday,2017-05-31,13:10:00,196,16:26:00,1,5,0.19,1,15197,MIA,2,10,-8,0,0,2017,-4,0,0,0
52,Friday,2017-06-02,19:05:00,175,22:00:00,0,5,0.13,0,22491,SFG,0,10,-10,0,0,2017,-5,0,0,0
53,Saturday,2017-06-03,16:05:00,170,18:55:00,1,5,0.12,0,32413,SFG,5,3,2,1,0,2017,1,0,0,0
54,Sunday,2017-06-04,13:35:00,208,17:03:00,1,5,0.14,0,25063,SFG,9,7,2,1,0,2017,2,0,0,0
55,Monday,2017-06-05,19:35:00,198,22:53:00,0,5,0.16,1,20942,ATL,11,4,7,1,0,2017,3,1,0,1
56,Tuesday,2017-06-06,19:35:00,162,22:17:00,0,5,0.19,1,23489,ATL,3,1,2,1,0,2017,4,1,0,1
57,Wednesday,2017-06-07,19:35:00,178,22:33:00,0,5,0.2,1,24185,ATL,1,14,-13,0,0,2017,-1,1,0,1
58,Thursday,2017-06-08,19:35:00,160,22:15:00,0,5,0.16,1,25095,ATL,1,3,-2,0,0,2017,-2,1,0,1
59,Friday,2017-06-09,20:15:00,163,22:58:00,0,5,0.13,1,42971,STL,2,3,-1,0,0,2017,-3,0,0,0
60,Saturday,2017-06-10,14:15:00,148,16:43:00,1,5,0.11,1,43911,STL,0,7,-7,0,0,2017,-4,0,0,0
61,Sunday,2017-06-11,14:15:00,189,17:24:00,1,5,0.1,1,47325,STL,5,6,-1,0,0,2017,-5,0,0,0
62,Monday,2017-06-12,19:10:00,256,23:26:00,0,5,0.09,1,36757,BOS,5,6,-1,0,1,2017,-6,0,0,0
63,Tuesday,2017-06-13,19:10:00,264,23:34:00,0,5,0.08,1,37141,BOS,3,4,-1,0,1,2017,-7,0,0,0
64,Wednesday,2017-06-14,19:05:00,206,22:31:00,0,5,0.05,0,28263,BOS,3,7,-4,0,0,2017,-8,0,0,0
65,Thursday,2017-06-15,19:05:00,145,21:30:00,0,5,0.04,0,30729,BOS,1,0,1,1,0,2017,1,0,0,0
66,Friday,2017-06-16,19:05:00,192,22:17:00,0,5,0.04,0,18140,ARI,4,5,-1,0,0,2017,-1,0,0,0
67,Saturday,2017-06-17,16:05:00,205,19:30:00,1,5,0.03,0,21108,ARI,1,5,-4,0,0,2017,-2,0,0,0
68,Sunday,2017-06-18,13:35:00,252,17:47:00,1,5,0.02,0,31131,ARI,4,5,-1,0,0,2017,-3,0,0,0
69,Tuesday,2017-06-20,19:05:00,208,22:33:00,0,5,0.02,0,22070,STL,1,8,-7,0,0,2017,-4,0,0,0
70,Wednesday,2017-06-21,19:05:00,209,22:34:00,0,5,0.01,0,25037,STL,6,7,-1,0,0,2017,-5,0,0,0
71,Thursday,2017-06-22,13:05:00,151,15:36:00,1,5,0.01,0,23623,STL,5,1,4,1,0,2017,1,0,0,0
72,Friday,2017-06-23,21:40:00,174,00:34:00,0,5,0.01,1,31648,ARI,6,1,5,1,0,2017,2,0,0,0
73,Saturday,2017-06-24,22:10:00,185,01:15:00,0,5,0.02,1,40557,ARI,2,9,-7,0,0,2017,-1,0,0,0
74,Sunday,2017-06-25,16:10:00,230,20:00:00,1,5,0.01,1,28179,ARI,1,2,-1,0,1,2017,-2,0,0,0
75,Monday,2017-06-26,15:40:00,191,18:51:00,1,5,0.0,1,20765,ARI,1,6,-5,0,0,2017,-3,0,0,0
76,Tuesday,2017-06-27,22:10:00,182,01:12:00,0,5,0.01,1,22648,SEA,8,2,6,1,0,2017,1,0,0,0
77,Wednesday,2017-06-28,15:40:00,204,19:04:00,1,5,0.01,1,29505,SEA,5,4,1,1,0,2017,2,0,0,0
78,Friday,2017-06-30,19:10:00,158,21:48:00,0,5,0.01,1,37134,NYM,1,2,-1,0,0,2017,-1,1,1,0
79,Saturday,2017-07-01,16:10:00,201,19:31:00,1,5,0.01,1,33080,NYM,6,7,-1,0,0,2017,-2,1,1,0
80,Sunday,2017-07-02,13:10:00,173,16:03:00,1,5,0.0,1,30343,NYM,7,1,6,1,0,2017,1,1,1,0
81,Monday,2017-07-03,19:05:00,156,21:41:00,0,5,0.01,0,26498,PIT,4,0,4,1,0,2017,2,0,0,0
82,Tuesday,2017-07-04,16:05:00,181,19:06:00,1,5,0.01,0,24087,PIT,0,3,-3,0,0,2017,-1,0,0,0
83,Wednesday,2017-07-05,19:05:00,196,22:21:00,0,5,0.01,0,19099,PIT,2,5,-3,0,0,2017,-2,0,0,0
84,Thursday,2017-07-06,18:05:00,178,21:03:00,0,5,0.0,0,33059,PIT,3,6,-3,0,0,2017,-3,0,0,0
85,Friday,2017-07-07,18:35:00,161,21:16:00,0,5,0.0,0,38533,SDP,3,4,-1,0,0,2017,-4,0,0,0
86,Saturday,2017-07-08,16:05:00,150,18:35:00,1,5,0.0,0,33216,SDP,1,2,-1,0,0,2017,-5,0,0,0
87,Sunday,2017-07-09,13:35:00,165,16:20:00,1,5,0.0,0,21184,SDP,7,1,6,1,0,2017,1,0,0,0
88,Friday,2017-07-14,20:10:00,190,23:20:00,0,5,0.0,1,41941,MIL,6,9,-3,0,0,2017,-1,0,0,0
89,Saturday,2017-07-15,19:10:00,164,21:54:00,0,5,0.0,1,37950,MIL,2,3,-1,0,0,2017,-2,0,0,0
90,Sunday,2017-07-16,14:10:00,198,17:28:00,1,5,0.0,1,41747,MIL,5,2,3,1,0,2017,1,0,0,0
91,Monday,2017-07-17,19:10:00,221,22:51:00,0,5,0.0,1,17146,MIA,5,6,-1,0,1,2017,-1,0,0,0
92,Tuesday,2017-07-18,19:10:00,161,21:51:00,0,5,0.0,1,18176,MIA,5,2,3,1,0,2017,1,0,0,0
93,Wednesday,2017-07-19,12:10:00,184,15:14:00,1,5,0.0,1,31854,MIA,10,3,7,1,0,2017,2,0,0,0
94,Friday,2017-07-21,19:05:00,182,22:07:00,0,5,0.0,0,17550,MIL,6,1,5,1,0,2017,3,0,0,0
95,Saturday,2017-07-22,19:05:00,204,22:29:00,0,5,0.0,0,17712,MIL,8,9,-1,0,0,2017,-1,0,0,0
96,Sunday,2017-07-23,13:35:00,187,16:42:00,1,5,0.0,0,21258,MIL,6,3,3,1,0,2017,1,0,0,0
97,Monday,2017-07-24,19:05:00,207,22:32:00,0,5,0.0,0,17567,HOU,4,13,-9,0,0,2017,-1,0,0,0
98,Tuesday,2017-07-25,19:05:00,164,21:49:00,0,5,0.0,0,17176,HOU,0,5,-5,0,0,2017,-2,0,0,0
99,Wednesday,2017-07-26,19:05:00,205,22:30:00,0,5,0.0,0,19718,HOU,9,0,9,1,0,2017,1,0,0,0
100,Friday,2017-07-28,19:05:00,181,22:06:00,0,5,0.0,0,17177,ATL,10,3,7,1,0,2017,2,1,0,1
101,Saturday,2017-07-29,19:05:00,230,22:55:00,0,5,0.0,0,28162,ATL,4,3,1,1,1,2017,3,1,0,1
102,Sunday,2017-07-30,13:35:00,200,16:55:00,1,5,0.0,0,20680,ATL,2,1,1,1,1,2017,4,1,0,1
103,Monday,2017-07-31,12:35:00,193,15:48:00,1,5,0.0,0,20297,ATL,7,6,1,1,0,2017,5,1,0,1
104,Tuesday,2017-08-01,22:07:00,200,01:27:00,0,5,0.0,1,36344,LAA,1,7,-6,0,0,2017,-1,0,0,0
105,Wednesday,2017-08-02,22:07:00,153,00:40:00,0,5,0.0,1,34623,LAA,0,7,-7,0,0,2017,-2,0,0,0
106,Thursday,2017-08-03,22:07:00,187,01:14:00,0,5,0.0,1,34710,LAA,4,5,-1,0,0,2017,-3,0,0,0
107,Friday,2017-08-04,20:40:00,221,00:21:00,0,5,0.0,1,35092,COL,3,4,-1,0,0,2017,-4,0,0,0
108,Saturday,2017-08-05,20:10:00,173,23:03:00,0,5,0.0,1,40563,COL,5,8,-3,0,0,2017,-5,0,0,0
109,Sunday,2017-08-06,15:10:00,194,18:24:00,1,5,0.0,1,48069,COL,3,2,1,1,0,2017,1,0,0,0
110,Tuesday,2017-08-08,19:35:00,178,22:33:00,0,5,0.0,1,25783,ATL,5,2,3,1,0,2017,2,1,0,1
111,Wednesday,2017-08-09,19:35:00,175,22:30:00,0,5,0.0,1,22776,ATL,3,2,1,1,0,2017,3,1,0,1
112,Thursday,2017-08-10,19:05:00,183,22:08:00,0,5,0.0,0,27716,NYM,0,10,-10,0,0,2017,-1,1,1,0
113,Friday,2017-08-11,19:05:00,205,22:30:00,0,5,0.0,0,26925,NYM,6,7,-1,0,0,2017,-2,1,1,0
114,Saturday,2017-08-12,19:05:00,184,22:09:00,0,5,0.0,0,34131,NYM,3,1,2,1,0,2017,1,1,1,0
115,Sunday,2017-08-13,13:35:00,210,17:05:00,1,5,0.0,0,24106,NYM,2,6,-4,0,0,2017,-1,1,1,0
116,Monday,2017-08-14,22:10:00,200,01:30:00,0,5,0.0,1,20873,SDP,4,7,-3,0,0,2017,-2,0,0,0
117,Tuesday,2017-08-15,22:10:00,168,00:58:00,0,5,0.0,1,23368,SDP,4,8,-4,0,0,2017,-3,0,0,0
118,Wednesday,2017-08-16,15:40:00,150,18:10:00,1,5,0.0,1,21564,SDP,0,3,-3,0,0,2017,-4,0,0,0
119,Thursday,2017-08-17,22:15:00,167,01:02:00,0,5,0.0,1,41279,SFG,4,5,-1,0,0,2017,-5,0,0,0
120,Friday,2017-08-18,22:15:00,172,01:07:00,0,5,0.0,1,39487,SFG,2,10,-8,0,0,2017,-6,0,0,0
121,Saturday,2017-08-19,21:05:00,201,00:26:00,0,5,0.0,1,40719,SFG,12,9,3,1,0,2017,1,0,0,0
122,Sunday,2017-08-20,16:05:00,194,19:19:00,1,5,0.0,1,39921,SFG,5,2,3,1,0,2017,2,0,0,0
123,Tuesday,2017-08-22,16:10:00,186,19:16:00,1,5,0.0,0,,MIA,8,12,-4,0,0,2017,-1,0,0,0
124,Tuesday,2017-08-22,19:05:00,202,22:27:00,0,5,0.0,0,20761,MIA,4,7,-3,0,0,2017,-2,0,0,0
125,Wednesday,2017-08-23,19:05:00,170,21:55:00,0,5,0.0,0,19161,MIA,8,0,8,1,0,2017,1,0,0,0
126,Thursday,2017-08-24,13:05:00,194,16:19:00,1,5,0.0,0,18083,MIA,8,9,-1,0,0,2017,-1,0,0,0
127,Friday,2017-08-25,19:05:00,180,22:05:00,0,5,0.0,0,24424,CHC,7,1,6,1,0,2017,1,0,0,0
128,Saturday,2017-08-26,19:05:00,183,22:08:00,0,5,0.0,0,29379,CHC,2,17,-15,0,0,2017,-1,0,0,0
129,Sunday,2017-08-27,13:35:00,174,16:29:00,1,5,0.0,0,28689,CHC,6,3,3,1,0,2017,1,0,0,0
130,Monday,2017-08-28,19:05:00,172,21:57:00,0,5,0.0,0,15154,ATL,6,1,5,1,0,2017,2,1,0,1
131,Wednesday,2017-08-30,12:05:00,169,14:54:00,1,5,0.0,0,,ATL,1,9,-8,0,0,2017,-1,1,0,1
132,Wednesday,2017-08-30,19:05:00,197,22:22:00,1,5,0.0,0,15706,ATL,2,5,-3,0,0,2017,-2,1,0,1
133,Thursday,2017-08-31,19:10:00,189,22:19:00,0,5,0.0,1,17013,MIA,3,2,1,1,0,2017,1,0,0,0
134,Friday,2017-09-01,19:10:00,164,21:54:00,0,5,0.0,1,17998,MIA,2,1,1,1,0,2017,2,0,0,0
135,Saturday,2017-09-02,19:10:00,217,22:47:00,0,5,0.0,1,18262,MIA,9,10,-1,0,0,2017,-1,0,0,0
136,Sunday,2017-09-03,13:10:00,226,16:56:00,1,5,0.0,1,19404,MIA,3,1,2,1,0,2017,1,0,0,0
137,Monday,2017-09-04,13:10:00,198,16:28:00,1,5,0.0,1,28808,NYM,7,11,-4,0,0,2017,-1,1,1,0
138,Tuesday,2017-09-05,19:10:00,184,22:14:00,0,5,0.0,1,22230,NYM,9,1,8,1,0,2017,1,1,1,0
139,Wednesday,2017-09-06,19:10:00,113,21:03:00,0,5,0.0,1,19617,NYM,3,6,-3,0,0,2017,-1,1,1,0
140,Thursday,2017-09-07,19:05:00,189,22:14:00,0,5,0.0,1,26267,WSN,3,4,-1,0,0,2017,-2,0,0,0
141,Friday,2017-09-08,19:05:00,207,22:32:00,0,5,0.0,1,29837,WSN,10,11,-1,0,0,2017,-3,0,0,0
142,Saturday,2017-09-09,19:05:00,203,22:28:00,0,5,0.0,1,35694,WSN,5,4,1,1,0,2017,1,0,0,0
143,Sunday,2017-09-10,13:35:00,136,15:51:00,1,5,0.0,1,32627,WSN,2,3,-1,0,0,2017,-1,0,0,0
144,Tuesday,2017-09-12,19:05:00,297,00:02:00,0,5,0.0,0,16439,MIA,9,8,1,1,1,2017,1,0,0,0
145,Wednesday,2017-09-13,19:05:00,145,21:30:00,0,5,0.0,0,16745,MIA,8,1,7,1,0,2017,2,0,0,0
146,Thursday,2017-09-14,19:05:00,186,22:11:00,0,5,0.0,0,16302,MIA,10,0,10,1,0,2017,3,0,0,0
147,Friday,2017-09-15,19:05:00,163,21:48:00,0,5,0.0,0,24061,OAK,0,4,-4,0,0,2017,-1,0,0,0
148,Saturday,2017-09-16,19:05:00,176,22:01:00,0,5,0.0,0,24290,OAK,5,3,2,1,0,2017,1,0,0,0
149,Sunday,2017-09-17,13:35:00,189,16:44:00,1,5,0.0,0,28054,OAK,3,6,-3,0,0,2017,-1,0,0,0
150,Monday,2017-09-18,19:05:00,160,21:45:00,0,5,0.0,0,16690,LAD,4,3,1,1,0,2017,1,0,0,0
151,Tuesday,2017-09-19,19:05:00,203,22:28:00,0,5,0.0,0,20145,LAD,6,2,4,1,0,2017,2,0,0,0
152,Wednesday,2017-09-20,19:05:00,198,22:23:00,0,5,0.0,0,20175,LAD,7,5,2,1,0,2017,3,0,0,0
153,Thursday,2017-09-21,13:05:00,219,16:44:00,1,5,0.0,0,18735,LAD,4,5,-1,0,0,2017,-1,0,0,0
154,Friday,2017-09-22,19:35:00,176,22:31:00,0,5,0.0,1,33702,ATL,2,7,-5,0,0,2017,-2,1,0,1
155,Saturday,2017-09-23,19:10:00,170,22:00:00,0,5,0.0,1,39809,ATL,2,4,-2,0,0,2017,-3,1,0,1
156,Sunday,2017-09-24,13:35:00,158,16:13:00,1,5,0.0,1,33183,ATL,2,0,2,1,0,2017,1,1,0,1
157,Monday,2017-09-25,19:05:00,184,22:09:00,0,5,0.0,0,17026,WSN,1,3,-2,0,0,2017,-1,0,0,0
158,Tuesday,2017-09-26,19:05:00,179,22:04:00,0,5,0.0,0,16437,WSN,4,1,3,1,0,2017,1,0,0,0
159,Wednesday,2017-09-27,19:05:00,233,22:58:00,0,5,0.0,0,17642,WSN,7,5,2,1,0,2017,2,0,0,0
160,Friday,2017-09-29,19:05:00,158,21:43:00,0,5,0.0,0,19375,NYM,6,2,4,1,0,2017,3,1,1,0
161,Saturday,2017-09-30,19:05:00,250,23:15:00,0,5,0.0,0,25138,NYM,4,7,-3,0,0,2017,-1,1,1,0
162,Sunday,2017-10-01,15:05:00,189,18:14:00,1,5,0.0,0,25754,NYM,11,0,11,1,0,2017,1,1,1,0
1,Thursday,2018-03-29,16:10:00,208,19:38:00,1,4,1.06,1,40208,ATL,5,8,-3,0,1,2018,-1,1,0,1
2,Friday,2018-03-30,19:35:00,256,23:51:00,0,3,1.05,1,35123,ATL,5,4,1,1,0,2018,1,1,0,1
3,Saturday,2018-03-31,19:10:00,201,22:31:00,0,4,1.08,1,37777,ATL,2,15,-13,0,0,2018,-1,1,0,1
4,Tuesday,2018-04-03,19:10:00,171,22:01:00,0,4,1.01,1,21397,NYM,0,2,-2,0,0,2018,-2,1,1,0
5,Wednesday,2018-04-04,13:10:00,185,16:15:00,1,5,0.99,1,21328,NYM,2,4,-2,0,0,2018,-3,1,1,0
6,Thursday,2018-04-05,15:05:00,183,18:08:00,1,4,0.87,0,44488,MIA,5,0,5,1,0,2018,1,0,0,0
7,Saturday,2018-04-07,18:05:00,201,21:26:00,0,4,0.9,0,33660,MIA,20,1,19,1,0,2018,2,0,0,0
8,Sunday,2018-04-08,13:35:00,184,16:39:00,1,4,0.94,0,34326,MIA,3,6,-3,0,0,2018,-1,0,0,0
9,Monday,2018-04-09,19:05:00,202,22:27:00,0,4,0.84,0,18127,CIN,6,5,1,1,0,2018,1,0,0,0
10,Tuesday,2018-04-10,19:05:00,164,21:49:00,0,4,0.86,0,20895,CIN,6,1,5,1,0,2018,2,0,0,0
11,Wednesday,2018-04-11,19:05:00,228,22:53:00,0,3,0.9,0,19099,CIN,4,3,1,1,1,2018,3,0,0,0
12,Friday,2018-04-13,19:10:00,173,22:03:00,0,3,0.91,1,13372,TBR,2,1,1,1,0,2018,4,0,0,0
13,Saturday,2018-04-14,18:10:00,166,20:56:00,0,2,0.97,1,20934,TBR,9,4,5,1,0,2018,5,0,0,0
14,Sunday,2018-04-15,13:10:00,214,16:44:00,1,2,1.03,1,19841,TBR,10,4,6,1,0,2018,6,0,0,0
15,Monday,2018-04-16,19:35:00,160,22:15:00,0,2,1.21,1,17812,ATL,1,2,-1,0,0,2018,-1,1,0,1
16,Tuesday,2018-04-17,19:35:00,216,23:11:00,0,2,1.2,1,17913,ATL,5,1,4,1,0,2018,1,1,0,1
17,Wednesday,2018-04-18,19:35:00,188,22:43:00,0,2,1.25,1,22135,ATL,3,7,-4,0,0,2018,-1,1,0,1
18,Thursday,2018-04-19,19:05:00,173,21:58:00,0,2,1.07,0,19071,PIT,7,0,7,1,0,2018,1,0,0,0
19,Friday,2018-04-20,19:05:00,162,21:47:00,0,2,1.11,0,20183,PIT,2,1,1,1,0,2018,2,0,0,0
20,Saturday,2018-04-21,16:05:00,191,19:16:00,1,2,1.16,0,28161,PIT,6,2,4,1,0,2018,3,0,0,0
21,Sunday,2018-04-22,13:35:00,215,17:10:00,1,2,1.17,0,29199,PIT,3,2,1,1,1,2018,4,0,0,0
22,Tuesday,2018-04-24,19:05:00,229,22:54:00,0,2,1.21,0,18195,ARI,4,8,-4,0,0,2018,-1,0,0,0
23,Wednesday,2018-04-25,19:05:00,175,22:00:00,0,2,1.19,0,21349,ARI,5,3,2,1,0,2018,1,0,0,0
24,Thursday,2018-04-26,13:05:00,192,16:17:00,1,2,1.23,0,20335,ARI,2,8,-6,0,0,2018,-1,0,0,0
25,Friday,2018-04-27,19:05:00,170,21:55:00,0,2,1.39,0,27076,ATL,7,3,4,1,0,2018,1,1,0,1
26,Saturday,2018-04-28,18:05:00,190,21:15:00,0,2,1.39,0,27794,ATL,1,4,-3,0,0,2018,-1,1,0,1
27,Sunday,2018-04-29,13:35:00,206,17:01:00,1,2,1.4,0,31010,ATL,1,10,-9,0,0,2018,-2,1,0,1
28,Monday,2018-04-30,19:10:00,186,22:16:00,0,3,1.17,1,5415,MIA,4,8,-4,0,0,2018,-3,0,0,0
29,Tuesday,2018-05-01,19:10:00,174,22:04:00,0,3,1.12,1,5844,MIA,1,2,-1,0,1,2018,-4,0,0,0
30,Wednesday,2018-05-02,19:10:00,174,22:04:00,0,3,1.1,1,5941,MIA,6,0,6,1,0,2018,1,0,0,0
31,Friday,2018-05-04,19:05:00,169,21:54:00,0,3,1.19,1,35497,WSN,3,7,-4,0,0,2018,-1,0,0,0
32,Saturday,2018-05-05,16:05:00,193,19:18:00,1,2,1.21,1,34687,WSN,3,1,2,1,0,2018,1,0,0,0
33,Sunday,2018-05-06,13:35:00,213,17:08:00,1,2,1.29,1,30611,WSN,4,5,-1,0,1,2018,-1,0,0,0
34,Monday,2018-05-07,19:05:00,185,22:10:00,0,2,1.17,0,17050,SFG,11,0,11,1,0,2018,1,0,0,0
35,Tuesday,2018-05-08,19:05:00,173,21:58:00,0,2,1.18,0,22456,SFG,4,2,2,1,0,2018,2,0,0,0
36,Wednesday,2018-05-09,19:05:00,199,22:24:00,0,2,1.18,0,18448,SFG,11,3,8,1,0,2018,3,0,0,0
37,Thursday,2018-05-10,13:05:00,167,15:52:00,1,2,1.23,0,30204,SFG,6,3,3,1,0,2018,4,0,0,0
38,Friday,2018-05-11,19:05:00,169,21:54:00,0,2,1.4,0,29247,NYM,1,3,-2,0,0,2018,-1,1,1,0
39,Sunday,2018-05-13,13:35:00,199,16:54:00,1,2,1.31,0,34091,NYM,4,2,2,1,0,2018,1,1,1,0
40,Wednesday,2018-05-16,12:05:00,162,14:47:00,1,2,1.16,1,29706,BAL,4,1,3,1,0,2018,2,0,0,0
41,Thursday,2018-05-17,19:15:00,213,22:48:00,0,2,1.24,1,41039,STL,6,2,4,1,0,2018,3,0,0,0
42,Friday,2018-05-18,20:15:00,206,23:41:00,0,2,1.29,1,42050,STL,4,12,-8,0,0,2018,-1,0,0,0
43,Saturday,2018-05-19,14:15:00,222,17:57:00,1,2,1.29,1,44431,STL,7,6,1,1,0,2018,1,0,0,0
44,Sunday,2018-05-20,14:15:00,173,17:08:00,1,2,1.33,1,43560,STL,1,5,-4,0,0,2018,-1,0,0,0
45,Monday,2018-05-21,19:05:00,153,21:38:00,0,2,1.58,0,21284,ATL,3,0,3,1,0,2018,1,1,0,1
46,Tuesday,2018-05-22,19:05:00,198,22:23:00,0,2,1.55,0,18545,ATL,1,3,-2,0,0,2018,-1,1,0,1
47,Wednesday,2018-05-23,19:05:00,171,21:56:00,0,2,1.55,0,27647,ATL,4,0,4,1,0,2018,1,1,0,1
48,Friday,2018-05-25,19:05:00,179,22:04:00,0,2,1.25,0,21374,TOR,5,6,-1,0,0,2018,-1,0,0,0
49,Saturday,2018-05-26,16:05:00,145,18:30:00,1,1,1.26,0,26788,TOR,2,1,1,1,0,2018,1,0,0,0
50,Sunday,2018-05-27,13:35:00,170,16:25:00,1,2,1.29,0,24182,TOR,3,5,-2,0,0,2018,-1,0,0,0
51,Monday,2018-05-28,20:10:00,212,23:42:00,0,3,1.3,1,39759,LAD,4,5,-1,0,0,2018,-2,0,0,0
52,Tuesday,2018-05-29,22:10:00,206,01:36:00,0,3,1.23,1,40044,LAD,6,1,5,1,0,2018,1,0,0,0
53,Wednesday,2018-05-30,22:10:00,183,01:13:00,0,3,1.26,1,43302,LAD,2,8,-6,0,0,2018,-1,0,0,0
54,Thursday,2018-05-31,19:35:00,160,22:15:00,1,3,1.23,1,40986,LAD,2,1,1,1,0,2018,1,0,0,0
55,Friday,2018-06-01,22:15:00,169,01:04:00,0,3,1.25,1,38119,SFG,0,4,-4,0,0,2018,-1,0,0,0
56,Saturday,2018-06-02,22:05:00,144,00:29:00,0,3,1.24,1,39208,SFG,0,2,-2,0,0,2018,-2,0,0,0
57,Sunday,2018-06-03,16:05:00,148,18:33:00,1,3,1.2,1,40491,SFG,1,6,-5,0,0,2018,-3,0,0,0
58,Tuesday,2018-06-05,20:05:00,166,22:51:00,0,3,1.24,1,40553,CHC,6,1,5,1,0,2018,1,0,0,0
59,Wednesday,2018-06-06,20:05:00,200,23:25:00,0,3,1.28,1,40275,CHC,5,7,-2,0,1,2018,-1,0,0,0
60,Thursday,2018-06-07,14:20:00,200,17:40:00,1,3,1.24,1,40057,CHC,3,4,-1,0,0,2018,-2,0,0,0
61,Friday,2018-06-08,19:05:00,207,22:32:00,0,3,1.17,0,22196,MIL,4,12,-8,0,0,2018,-3,0,0,0
62,Saturday,2018-06-09,13:05:00,211,16:36:00,1,3,1.15,0,25304,MIL,3,12,-9,0,0,2018,-4,0,0,0
63,Sunday,2018-06-10,13:35:00,177,16:32:00,1,3,1.02,0,31175,MIL,4,3,1,1,0,2018,1,0,0,0
64,Tuesday,2018-06-12,19:05:00,187,22:12:00,0,3,1.12,0,19556,COL,5,4,1,1,0,2018,2,0,0,0
65,Wednesday,2018-06-13,19:05:00,175,22:00:00,0,3,1.19,0,20075,COL,2,7,-5,0,0,2018,-1,0,0,0
66,Thursday,2018-06-14,13:05:00,201,16:26:00,1,3,1.08,0,22500,COL,9,3,6,1,0,2018,1,0,0,0
67,Friday,2018-06-15,20:10:00,171,23:01:00,0,3,1.14,1,40945,MIL,2,13,-11,0,0,2018,-1,0,0,0
68,Saturday,2018-06-16,16:10:00,212,19:42:00,1,3,1.14,1,40531,MIL,4,1,3,1,0,2018,1,0,0,0
69,Sunday,2018-06-17,14:10:00,242,18:12:00,1,3,1.2,1,40985,MIL,10,9,1,1,0,2018,2,0,0,0
70,Monday,2018-06-18,19:05:00,219,22:44:00,0,2,1.25,0,22083,STL,6,5,1,1,1,2018,3,0,0,0
71,Tuesday,2018-06-19,19:05:00,196,22:21:00,0,3,1.35,0,21122,STL,6,7,-1,0,0,2018,-1,0,0,0
72,Wednesday,2018-06-20,13:05:00,188,16:13:00,1,2,1.25,0,26120,STL,4,3,1,1,0,2018,1,0,0,0
73,Friday,2018-06-22,19:05:00,210,22:35:00,0,2,1.54,1,35630,WSN,12,2,10,1,0,2018,2,0,0,0
74,Saturday,2018-06-23,16:05:00,183,19:08:00,1,2,1.66,1,40341,WSN,5,3,2,1,0,2018,3,0,0,0
75,Sunday,2018-06-24,20:05:00,227,23:52:00,0,2,1.75,1,29314,WSN,6,8,-2,0,0,2018,-1,0,0,0
76,Monday,2018-06-25,19:05:00,200,22:25:00,0,2,1.37,0,44136,NYY,2,4,-2,0,0,2018,-2,0,0,0
77,Tuesday,2018-06-26,19:05:00,158,21:43:00,0,2,1.34,0,43568,NYY,0,6,-6,0,0,2018,-3,0,0,0
78,Wednesday,2018-06-27,19:05:00,163,21:48:00,0,2,1.3,0,42028,NYY,3,0,3,1,0,2018,1,0,0,0
79,Thursday,2018-06-28,19:05:00,189,22:14:00,0,2,1.67,0,25026,WSN,4,3,1,1,0,2018,2,0,0,0
80,Friday,2018-06-29,19:05:00,223,22:48:00,0,2,1.72,0,36903,WSN,7,17,-10,0,0,2018,-1,0,0,0
81,Saturday,2018-06-30,18:05:00,200,21:25:00,0,2,1.58,0,42746,WSN,3,2,1,1,0,2018,1,0,0,0
82,Sunday,2018-07-01,13:35:00,268,18:03:00,1,2,1.67,0,22051,WSN,4,3,1,1,1,2018,2,0,0,0
83,Tuesday,2018-07-03,19:05:00,165,21:50:00,0,2,1.37,0,28204,BAL,3,2,1,1,0,2018,3,0,0,0
84,Wednesday,2018-07-04,16:05:00,175,19:00:00,1,2,1.44,0,30943,BAL,4,1,3,1,0,2018,4,0,0,0
85,Friday,2018-07-06,19:05:00,270,23:35:00,0,1,1.53,1,24846,PIT,17,5,12,1,0,2018,5,0,0,0
86,Saturday,2018-07-07,16:05:00,168,18:53:00,1,1,1.54,1,28150,PIT,3,2,1,1,0,2018,6,0,0,0
87,Sunday,2018-07-08,13:35:00,162,16:17:00,1,1,1.55,1,19542,PIT,1,4,-3,0,0,2018,-1,0,0,0
88,Monday,2018-07-09,16:15:00,204,19:39:00,1,1,1.53,1,,NYM,3,4,-1,0,1,2018,-2,1,1,0
89,Monday,2018-07-09,19:10:00,161,21:51:00,0,1,1.55,1,24139,NYM,3,1,2,1,0,2018,1,1,1,0
90,Tuesday,2018-07-10,19:10:00,170,22:00:00,0,1,1.53,1,22416,NYM,7,3,4,1,0,2018,2,1,1,0
91,Wednesday,2018-07-11,19:10:00,187,22:17:00,0,1,1.55,1,22137,NYM,0,3,-3,0,1,2018,-1,1,1,0
92,Thursday,2018-07-12,19:05:00,184,22:09:00,0,1,1.57,1,20100,BAL,5,4,1,1,0,2018,1,0,0,0
93,Friday,2018-07-13,19:10:00,154,21:44:00,0,1,1.55,1,8090,MIA,2,0,2,1,0,2018,2,0,0,0
94,Saturday,2018-07-14,16:10:00,180,19:10:00,1,1,1.5,1,14793,MIA,0,2,-2,0,0,2018,-1,0,0,0
95,Sunday,2018-07-15,13:10:00,178,16:08:00,1,1,1.56,1,8829,MIA,5,10,-5,0,0,2018,-2,0,0,0
96,Friday,2018-07-20,19:05:00,195,22:20:00,0,1,1.59,0,30034,SDP,11,5,6,1,0,2018,1,0,0,0
97,Sunday,2018-07-22,12:05:00,190,15:15:00,1,1,1.59,0,29392,SDP,2,10,-8,0,0,2018,-1,0,0,0
98,Sunday,2018-07-22,18:05:00,161,20:46:00,0,1,1.63,0,25054,SDP,5,0,5,1,0,2018,1,0,0,0
99,Monday,2018-07-23,19:05:00,223,22:48:00,0,1,1.69,0,33753,LAD,6,7,-1,0,0,2018,-1,0,0,0
100,Tuesday,2018-07-24,19:05:00,355,01:00:00,0,1,1.75,0,35028,LAD,7,4,3,1,1,2018,1,0,0,0
101,Wednesday,2018-07-25,12:35:00,178,15:33:00,1,1,1.69,0,35659,LAD,7,3,4,1,0,2018,2,0,0,0
102,Thursday,2018-07-26,19:10:00,204,22:34:00,0,1,1.58,1,17031,CIN,9,4,5,1,0,2018,3,0,0,0
103,Friday,2018-07-27,19:10:00,190,22:20:00,0,1,1.49,1,24776,CIN,4,6,-2,0,0,2018,-1,0,0,0
104,Saturday,2018-07-28,18:40:00,194,21:54:00,0,1,1.54,1,35249,CIN,2,6,-4,0,0,2018,-2,0,0,0
105,Sunday,2018-07-29,13:10:00,168,15:58:00,1,1,1.59,1,21649,CIN,0,4,-4,0,0,2018,-3,0,0,0
106,Monday,2018-07-30,19:10:00,243,23:13:00,0,1,1.65,1,37722,BOS,1,2,-1,0,1,2018,-4,0,0,0
107,Tuesday,2018-07-31,19:10:00,193,22:23:00,0,1,1.7,1,37816,BOS,3,1,2,1,0,2018,1,0,0,0
108,Thursday,2018-08-02,19:05:00,157,21:42:00,0,1,1.74,0,26050,MIA,5,2,3,1,1,2018,2,0,0,0
109,Friday,2018-08-03,19:05:00,190,22:15:00,0,1,1.74,0,33737,MIA,5,1,4,1,0,2018,3,0,0,0
110,Saturday,2018-08-04,19:05:00,140,21:25:00,0,1,1.76,0,35194,MIA,8,3,5,1,0,2018,4,0,0,0
111,Sunday,2018-08-05,13:35:00,195,16:50:00,1,1,1.69,0,42343,MIA,5,3,2,1,0,2018,5,0,0,0
112,Monday,2018-08-06,21:40:00,278,02:18:00,0,1,1.77,1,21131,ARI,2,3,-1,0,1,2018,-1,0,0,0
113,Tuesday,2018-08-07,21:40:00,188,00:48:00,0,1,1.87,1,22382,ARI,5,2,3,1,0,2018,1,0,0,0
114,Wednesday,2018-08-08,15:40:00,178,18:38:00,1,1,1.75,1,23384,ARI,0,6,-6,0,0,2018,-1,0,0,0
115,Friday,2018-08-10,22:10:00,154,00:44:00,0,1,1.73,1,26306,SDP,0,2,-2,0,0,2018,-2,0,0,0
116,Saturday,2018-08-11,20:40:00,192,23:52:00,0,1,1.83,1,35098,SDP,5,1,4,1,0,2018,1,0,0,0
117,Sunday,2018-08-12,15:40:00,200,19:00:00,1,1,1.8,1,26930,SDP,3,9,-6,0,0,2018,-1,0,0,0
118,Tuesday,2018-08-14,19:05:00,160,21:45:00,0,2,1.85,0,33081,BOS,1,2,-1,0,0,2018,-2,0,0,0
119,Wednesday,2018-08-15,19:05:00,207,22:32:00,0,2,1.86,0,35266,BOS,7,4,3,1,0,2018,1,0,0,0
120,Thursday,2018-08-16,16:10:00,181,19:11:00,1,2,1.88,0,,NYM,4,24,-20,0,0,2018,-1,1,1,0
121,Thursday,2018-08-16,19:05:00,183,22:08:00,0,2,1.88,0,33049,NYM,9,6,3,1,0,2018,1,1,1,0
121,Thursday,2018-08-16,16:05:00,183,19:08:00,0,2,1.88,0,33049,NYM,9,6,3,1,0,2018,1,1,1,0
122,Friday,2018-08-17,18:05:00,201,21:26:00,0,2,1.95,0,40460,NYM,4,2,2,1,0,2018,2,1,1,0
123,Saturday,2018-08-18,16:05:00,151,18:36:00,1,2,1.94,0,35158,NYM,1,3,-2,0,0,2018,-1,1,1,0
124,Sunday,2018-08-19,19:10:00,191,22:21:00,0,2,1.98,0,2429,NYM,2,8,-6,0,0,2018,-2,1,1,0
125,Tuesday,2018-08-21,19:05:00,196,22:21:00,0,2,2.09,1,24080,WSN,4,10,-6,0,0,2018,-3,0,0,0
126,Wednesday,2018-08-22,19:05:00,225,22:50:00,0,2,2.12,1,31855,WSN,7,8,-1,0,1,2018,-4,0,0,0
127,Thursday,2018-08-23,13:05:00,161,15:46:00,1,2,2.01,1,29475,WSN,2,0,2,1,0,2018,1,0,0,0
128,Friday,2018-08-24,19:07:00,163,21:50:00,0,2,1.93,1,26292,TOR,2,4,-2,0,0,2018,-1,0,0,0
129,Saturday,2018-08-25,16:07:00,179,19:06:00,1,2,1.9,1,33127,TOR,6,8,-2,0,0,2018,-2,0,0,0
130,Sunday,2018-08-26,13:07:00,197,16:24:00,1,2,1.83,1,28209,TOR,8,3,5,1,0,2018,1,0,0,0
131,Monday,2018-08-27,19:05:00,193,22:18:00,0,2,1.93,0,21261,WSN,3,5,-2,0,0,2018,-1,0,0,0
132,Tuesday,2018-08-28,19:05:00,208,22:33:00,0,2,1.82,0,21083,WSN,4,5,-1,0,0,2018,-2,0,0,0
133,Wednesday,2018-08-29,19:05:00,218,22:43:00,0,2,1.6,0,22525,WSN,8,6,2,1,0,2018,1,0,0,0
134,Friday,2018-08-31,19:05:00,203,22:28:00,0,2,1.83,0,22556,CHC,2,1,1,1,1,2018,2,0,0,0
135,Saturday,2018-09-01,19:05:00,161,21:46:00,0,2,2.0,0,33040,CHC,1,7,-6,0,0,2018,-1,0,0,0
136,Sunday,2018-09-02,13:35:00,217,17:12:00,1,2,1.85,0,36517,CHC,1,8,-7,0,0,2018,-2,0,0,0
137,Monday,2018-09-03,13:10:00,144,15:34:00,1,2,1.54,1,7771,MIA,1,3,-2,0,0,2018,-3,0,0,0
138,Tuesday,2018-09-04,19:10:00,194,22:24:00,0,2,1.5,1,7131,MIA,9,4,5,1,0,2018,1,0,0,0
139,Wednesday,2018-09-05,19:10:00,164,21:54:00,0,2,1.75,1,6427,MIA,1,2,-1,0,0,2018,-1,0,0,0
140,Friday,2018-09-07,19:10:00,163,21:53:00,0,2,1.57,1,23379,NYM,4,3,1,1,0,2018,1,1,1,0
141,Saturday,2018-09-08,19:10:00,192,22:22:00,0,2,1.95,1,25094,NYM,5,10,-5,0,0,2018,-1,1,1,0
142,Sunday,2018-09-09,13:10:00,192,16:22:00,1,2,1.6,1,24153,NYM,4,6,-2,0,0,2018,-2,1,1,0
143,Tuesday,2018-09-11,15:10:00,207,18:37:00,1,2,1.03,0,,WSN,1,3,-2,0,0,2018,-3,0,0,0
144,Tuesday,2018-09-11,19:05:00,256,23:21:00,0,2,0.75,0,19630,WSN,6,7,-1,0,0,2018,-4,0,0,0
145,Wednesday,2018-09-12,19:05:00,176,22:01:00,0,2,0.47,0,20258,WSN,1,5,-4,0,0,2018,-5,0,0,0
146,Friday,2018-09-14,19:05:00,174,21:59:00,0,2,0.24,0,21671,MIA,14,2,12,1,0,2018,1,0,0,0
147,Saturday,2018-09-15,19:05:00,168,21:53:00,0,2,0.27,0,24695,MIA,5,4,1,1,0,2018,2,0,0,0
148,Sunday,2018-09-16,13:35:00,184,16:39:00,1,2,0.46,0,30040,MIA,4,6,-2,0,0,2018,-1,0,0,0
149,Monday,2018-09-17,19:05:00,187,22:12:00,0,2,0.37,0,21767,NYM,4,9,-5,0,0,2018,-2,1,1,0
150,Tuesday,2018-09-18,19:05:00,202,22:27:00,0,2,0.3,0,18895,NYM,5,2,3,1,0,2018,1,1,1,0
151,Wednesday,2018-09-19,18:05:00,182,21:07:00,0,2,0.51,0,19085,NYM,4,0,4,1,0,2018,2,1,1,0
152,Thursday,2018-09-20,19:35:00,205,23:00:00,0,2,0.9,1,27474,ATL,3,8,-5,0,0,2018,-1,1,0,1
153,Friday,2018-09-21,19:35:00,204,22:59:00,0,2,0.33,1,34370,ATL,5,6,-1,0,0,2018,-2,1,0,1
154,Saturday,2018-09-22,13:05:00,158,15:43:00,1,2,0.05,1,35616,ATL,3,5,-2,0,0,2018,-3,1,0,1
155,Sunday,2018-09-23,13:35:00,163,16:18:00,1,2,0.0,1,34214,ATL,1,2,-1,0,0,2018,-4,1,0,1
156,Monday,2018-09-24,20:40:00,177,23:37:00,0,3,0.0,1,30336,COL,1,10,-9,0,0,2018,-5,0,0,0
157,Tuesday,2018-09-25,20:40:00,201,00:01:00,0,3,0.0,1,30217,COL,3,10,-7,0,0,2018,-6,0,0,0
158,Wednesday,2018-09-26,20:40:00,171,23:31:00,0,3,0.0,1,35181,COL,0,14,-14,0,0,2018,-7,0,0,0
159,Thursday,2018-09-27,15:10:00,186,18:16:00,1,3,0.0,1,36448,COL,3,5,-2,0,0,2018,-8,0,0,0
160,Friday,2018-09-28,19:05:00,222,22:47:00,0,3,0.0,0,24306,ATL,2,10,-8,0,0,2018,-9,1,0,1
161,Saturday,2018-09-29,19:05:00,163,21:48:00,0,3,0.0,0,30886,ATL,3,0,3,1,0,2018,1,1,0,1
162,Sunday,2018-09-30,15:05:00,177,18:02:00,1,3,0.0,0,34202,ATL,3,1,2,1,0,2018,2,1,0,1
